fold,user_id,sample_count,positive_count,negative_count,like_rate,valid_user_auc,exclusion_reason,real_user_auc,h2_user_auc,zero_user_auc,shuffle_user_auc,delta_h2_user_auc,delta_zero_user_auc,delta_shuffle_user_auc,zero_sensitivity_mean,shuffle_sensitivity_mean,h2_sensitivity_mean,eeg_correction_abs_mean,eeg_correction_abs_std,history_length_mean,history_length_median,seen_item_rate,session_mode_majority,session_mode_distribution,video_type_majority,video_type_distribution,train_sample_count,train_positive_count,train_negative_count,dev_sample_count_manifest,dev_positive_count_manifest,dev_negative_count_manifest,train_pair_eligible,train_possible_pos_neg_pairs,train_pair_cap_per_epoch,train_pair_minor_class_coverage,train_pair_pairspace_coverage,hard_negative_pairs_enabled,pairwise_weight,normalization,pair_cap_per_user,hard_negative_pairs,listwise_weight,user_weight_power,correction_l2,stage
1,16,10,5,5,0.5,True,,0.24,0.24,0.24,0.24,0.0,0.0,0.0,0.0065843656659126445,0.0028664077321688465,0.0029213711619377304,0.028284816629,0.007156385099287997,20.0,20.0,0.0,1,1:1.0000,1,1:1.0000,53,16,37,10,5,5,True,592,16,1.0,0.02702702702702703,True,0.05,global_train_zscore,16,True,0.02,0.0,0.0,V2E
1,23,9,1,8,0.1111111111111111,True,,0.25,0.25,0.25,0.25,0.0,0.0,0.0,0.004726278009238086,6.833120628639093e-05,0.009923274870272046,0.045610599092592595,0.007663432814750079,20.0,20.0,0.1111111111111111,1,1:1.0000,1,1:1.0000,45,7,38,9,1,8,True,266,7,1.0,0.02631578947368421,True,0.05,global_train_zscore,16,True,0.02,0.0,0.0,V2E
1,28,14,2,12,0.14285714285714285,True,,0.25,0.29166666666666663,0.29166666666666663,0.29166666666666663,-0.04166666666666663,-0.04166666666666663,-0.04166666666666663,0.0022311388027100388,0.00249279219479788,0.0038644756589616947,0.01813787985190476,0.013731148019340562,20.0,20.0,0.07142857142857142,2,1:0.2857;2:0.7143,2,1:0.2857;2:0.7143,72,28,44,14,2,12,True,1232,16,0.5714285714285714,0.012987012987012988,True,0.05,global_train_zscore,16,True,0.02,0.0,0.0,V2E
1,29,9,5,4,0.5555555555555556,True,,0.30000000000000004,0.25,0.30000000000000004,0.30000000000000004,0.050000000000000044,0.0,0.0,0.0027209741097909412,0.0007005653999469693,0.0055516384266040926,0.02527862832222222,0.014934607358620532,20.0,20.0,0.0,2,1:0.3333;2:0.6667,2,1:0.3333;2:0.6667,46,28,18,9,5,4,True,504,16,0.8888888888888888,0.031746031746031744,True,0.05,global_train_zscore,16,True,0.02,0.0,0.0,V2E
1,0,15,6,9,0.4,True,,0.33333333333333337,0.33333333333333337,0.33333333333333337,0.33333333333333337,0.0,0.0,0.0,0.007257004247771372,0.0031301024887296896,0.004598172174559704,0.02683839481322222,0.008891929193129925,20.0,20.0,0.06666666666666667,1,1:1.0000,1,1:1.0000,73,9,64,15,6,9,True,576,9,1.0,0.015625,True,0.05,global_train_zscore,16,True,0.02,0.0,0.0,V2E
1,22,10,1,9,0.1,True,,0.33333333333333337,0.33333333333333337,0.33333333333333337,0.33333333333333337,0.0,0.0,0.0,0.0011277124285697993,0.0024793520569801218,0.0013021911183992902,0.010354655064,0.004366692390917835,20.0,20.0,0.0,2,2:1.0000,2,2:1.0000,52,23,29,10,1,9,True,667,16,0.6956521739130435,0.0239880059970015,True,0.05,global_train_zscore,16,True,0.02,0.0,0.0,V2E
1,24,9,2,7,0.2222222222222222,True,,0.35714285714285715,0.35714285714285715,0.35714285714285715,0.35714285714285715,0.0,0.0,0.0,0.008225613170199923,0.0005915805145546355,0.004176694485876292,0.022275669597185188,0.0031351247803180263,20.0,20.0,0.1111111111111111,1,1:0.8889;2:0.1111,1,1:0.8889;2:0.1111,46,7,39,9,2,7,True,273,7,1.0,0.02564102564102564,True,0.05,global_train_zscore,16,True,0.02,0.0,0.0,V2E
1,26,12,1,11,0.08333333333333333,True,,0.36363636363636365,0.36363636363636365,0.36363636363636365,0.36363636363636365,0.0,0.0,0.0,0.004857415540350819,0.0005943228801091558,0.0037387021713786695,0.02428947203611111,0.007608297043342808,20.0,20.0,0.0,2,2:1.0000,2,2:1.0000,63,7,56,12,1,11,True,392,7,1.0,0.017857142857142856,True,0.05,global_train_zscore,16,True,0.02,0.0,0.0,V2E
1,19,11,3,8,0.2727272727272727,True,,0.4166666666666667,0.4166666666666667,0.4166666666666667,0.4166666666666667,0.0,0.0,0.0,0.005772152181827654,0.0031836258642601338,0.0027928442666024914,0.025938242606375752,0.008963103615511472,20.0,20.0,0.6363636363636364,3,3:1.0000,0,0:0.5455;1:0.4545,54,8,46,11,3,8,True,368,8,1.0,0.021739130434782608,True,0.05,global_train_zscore,16,True,0.02,0.0,0.0,V2E
1,7,13,5,8,0.38461538461538464,True,,0.45,0.4,0.42500000000000004,0.45,0.04999999999999999,0.024999999999999967,0.0,0.004220612920247607,0.00041396495623467224,0.01070516040691964,0.052189821020512825,0.011802330555865086,20.0,20.0,0.15384615384615385,3,3:1.0000,1,1:1.0000,65,11,54,13,5,8,True,594,11,1.0,0.018518518518518517,True,0.05,global_train_zscore,16,True,0.02,0.0,0.0,V2E
1,18,13,5,8,0.38461538461538464,True,,0.45,0.47500000000000003,0.45,0.45,-0.025000000000000022,0.0,0.0,0.006420227579581437,0.00023819811833211262,0.002760774432084503,0.037092440374615385,0.008998483063267521,20.0,20.0,0.07692307692307693,1,1:1.0000,1,1:1.0000,67,6,61,13,5,8,True,366,6,1.0,0.01639344262295082,True,0.05,global_train_zscore,16,True,0.02,0.0,0.0,V2E
1,5,12,7,5,0.5833333333333334,True,,0.48571428571428565,0.5142857142857142,0.48571428571428565,0.48571428571428565,-0.02857142857142858,0.0,0.0,0.0043723293476634435,0.000649736987219901,0.010034075213803187,0.044150459249999996,0.015429537786323787,20.0,20.0,0.25,1,0:0.2500;1:0.7500,1,0:0.2500;1:0.7500,65,27,38,12,7,5,True,1026,16,0.5925925925925926,0.015594541910331383,True,0.05,global_train_zscore,16,True,0.02,0.0,0.0,V2E
1,15,15,7,8,0.4666666666666667,True,,0.5357142857142857,0.5178571428571428,0.5357142857142857,0.5178571428571428,0.017857142857142905,0.0,0.017857142857142905,0.0034706917073991502,0.002531617548730619,0.0055560257699754385,0.025965281914666665,0.010887548821205866,20.0,20.0,0.5333333333333333,3,3:1.0000,0,0:0.5333;1:0.4667,76,13,63,15,7,8,True,819,13,1.0,0.015873015873015872,True,0.05,global_train_zscore,16,True,0.02,0.0,0.0,V2E
1,8,13,7,6,0.5384615384615384,True,,0.5952380952380952,0.5952380952380952,0.5952380952380952,0.5952380952380952,0.0,0.0,0.0,0.003976894494814734,0.0002453499115430541,0.007358793264780285,0.03253421274846154,0.01651683547790428,20.0,20.0,0.38461538461538464,3,3:1.0000,1,0:0.3846;1:0.6154,65,27,38,13,7,6,True,1026,16,0.5925925925925926,0.015594541910331383,True,0.05,global_train_zscore,16,True,0.02,0.0,0.0,V2E
1,1,11,4,7,0.36363636363636365,True,,0.6428571428571428,0.6428571428571428,0.6428571428571428,0.6428571428571428,0.0,0.0,0.0,0.0032038178407784623,0.00011082806370476084,0.004509548346201592,0.02261941469363636,0.008407191108412709,20.0,20.0,0.5454545454545454,3,3:1.0000,0,0:0.6364;1:0.3636,54,20,34,11,4,7,True,680,16,0.8,0.023529411764705882,True,0.05,global_train_zscore,16,True,0.02,0.0,0.0,V2E
1,12,12,4,8,0.3333333333333333,True,,0.6875,0.6875,0.6875,0.6875,0.0,0.0,0.0,0.002286708189381495,0.0026020531853039965,0.0051397234201431136,0.026207278995388893,0.016597028675026212,20.0,20.0,0.25,3,1:0.2500;3:0.7500,1,0:0.2500;1:0.7500,61,15,46,12,4,8,True,690,15,1.0,0.021739130434782608,True,0.05,global_train_zscore,16,True,0.02,0.0,0.0,V2E
1,13,13,3,10,0.23076923076923078,True,,0.7,0.7333333333333334,0.7,0.7,-0.03333333333333344,0.0,0.0,0.0038079149447954683,0.006965200488383964,0.006173414679674017,0.026888046913846157,0.012963653778247094,20.0,20.0,0.0,1,1:1.0000,1,1:1.0000,69,18,51,13,3,10,True,918,16,0.8888888888888888,0.017429193899782137,True,0.05,global_train_zscore,16,True,0.02,0.0,0.0,V2E
1,14,11,5,6,0.45454545454545453,True,,0.7,0.7,0.7,0.7,0.0,0.0,0.0,0.0057019017862551084,0.0005790798953085319,0.0037241844516811913,0.02924039472939394,0.007186142467486771,20.0,20.0,0.36363636363636365,3,1:0.4545;3:0.5455,1,0:0.3636;1:0.6364,59,21,38,11,5,6,True,798,16,0.7619047619047619,0.020050125313283207,True,0.05,global_train_zscore,16,True,0.02,0.0,0.0,V2E
1,21,13,4,9,0.3076923076923077,True,,0.7500000000000001,0.7777777777777779,0.7777777777777779,0.7500000000000001,-0.02777777777777779,-0.02777777777777779,0.0,0.003707939997697476,0.0003308684397966363,0.007887292748842504,0.03688604863076923,0.010052002134257408,20.0,20.0,0.07692307692307693,1,1:1.0000,1,1:1.0000,70,26,44,13,4,9,True,1144,16,0.6153846153846154,0.013986013986013986,True,0.05,global_train_zscore,16,True,0.02,0.0,0.0,V2E
1,2,14,3,11,0.21428571428571427,True,,0.7575757575757576,0.7575757575757576,0.7575757575757576,0.7575757575757576,0.0,0.0,0.0,0.0020519127803189335,0.002437514031217211,0.0024278981699829977,0.014892800408471431,0.00693887573587569,20.0,20.0,0.42857142857142855,3,3:1.0000,1,0:0.4286;1:0.5714,71,14,57,14,3,11,True,798,14,1.0,0.017543859649122806,True,0.05,global_train_zscore,16,True,0.02,0.0,0.0,V2E
1,17,14,4,10,0.2857142857142857,True,,0.7749999999999999,0.7250000000000001,0.75,0.75,0.04999999999999982,0.02499999999999991,0.02499999999999991,0.005314242626939488,0.0008338022799719054,0.0032900646328926026,0.029152541472142857,0.00810554588199082,20.0,20.0,0.5714285714285714,3,3:1.0000,0,0:0.5714;1:0.4286,68,8,60,14,4,10,True,480,8,1.0,0.016666666666666666,True,0.05,global_train_zscore,16,True,0.02,0.0,0.0,V2E
1,9,11,3,8,0.2727272727272727,True,,0.7916666666666667,0.7916666666666667,0.7916666666666667,0.7916666666666667,0.0,0.0,0.0,0.003630886023694811,8.467291340682773e-05,0.00602210516279394,0.027718318824242427,0.01838235327723565,20.0,20.0,0.5454545454545454,0,0:0.5455;1:0.4545,0,0:0.5455;1:0.4545,54,35,19,11,3,8,True,665,16,0.8421052631578947,0.02406015037593985,True,0.05,global_train_zscore,16,True,0.02,0.0,0.0,V2E
1,20,12,2,10,0.16666666666666666,True,,0.7999999999999999,0.7,0.7999999999999999,0.7999999999999999,0.09999999999999998,0.0,0.0,0.004115138202905651,0.0002197387317816347,0.007632562269767146,0.03538566354166666,0.01421907191178748,20.0,20.0,0.3333333333333333,3,1:0.0833;3:0.9167,1,0:0.3333;1:0.6667,60,16,44,12,2,10,True,704,16,1.0,0.022727272727272728,True,0.05,global_train_zscore,16,True,0.02,0.0,0.0,V2E
1,4,14,10,4,0.7142857142857143,True,,0.8,0.8250000000000001,0.8250000000000001,0.8250000000000001,-0.025000000000000022,-0.025000000000000022,-0.025000000000000022,0.0026438952911467767,0.0012749468996411384,0.005468675423236119,0.025995552185952377,0.014790137573149354,20.0,20.0,0.5,3,3:1.0000,0,0:0.5000;1:0.5000,74,30,44,14,10,4,True,1320,16,0.5333333333333333,0.012121212121212121,True,0.05,global_train_zscore,16,True,0.02,0.0,0.0,V2E
1,11,13,12,1,0.9230769230769231,True,,0.8333333333333334,0.8333333333333334,0.8333333333333334,0.8333333333333334,0.0,0.0,0.0,0.004686320057282068,0.00015661235039050335,0.009662894102243282,0.04325065685128205,0.014013311606016281,20.0,20.0,0.15384615384615385,1,1:0.7692;3:0.2308,1,0:0.0769;1:0.9231,66,27,39,13,12,1,True,1053,16,0.5925925925925926,0.015194681861348529,True,0.05,global_train_zscore,16,True,0.02,0.0,0.0,V2E
1,27,10,5,5,0.5,True,,0.8800000000000001,0.8800000000000001,0.8800000000000001,0.8800000000000001,0.0,0.0,0.0,0.0023186494906743183,0.0018395746747652485,0.00768098731835685,0.03637160271666666,0.01654464896859663,20.0,20.0,0.0,1,1:1.0000,1,1:1.0000,52,27,25,10,5,5,True,675,16,0.64,0.023703703703703703,True,0.05,global_train_zscore,16,True,0.02,0.0,0.0,V2E
1,3,11,9,2,0.8181818181818182,True,,1.0,1.0,1.0,1.0,0.0,0.0,0.0,0.004386827801213116,0.00015674350839672835,0.009625875588619348,0.042832850000000006,0.012285930918871972,20.0,20.0,0.18181818181818182,1,1:0.7273;3:0.2727,1,1:1.0000,56,25,31,11,9,2,True,775,16,0.64,0.02064516129032258,True,0.05,global_train_zscore,16,True,0.02,0.0,0.0,V2E
1,10,11,9,2,0.8181818181818182,True,,1.0,1.0,1.0,1.0,0.0,0.0,0.0,0.004620898853648783,0.00011028484864667908,0.00866783207113091,0.03930501766666667,0.015989792969457566,20.0,20.0,0.0,1,1:1.0000,1,1:1.0000,60,38,22,11,9,2,True,836,16,0.7272727272727273,0.019138755980861243,True,0.05,global_train_zscore,16,True,0.02,0.0,0.0,V2E
1,6,4,0,4,0.0,False,all_negative,,,,,,,,0.0044278651475906025,0.0002666711807251046,0.004546120762825026,0.023795246612499998,0.0023172711558080506,20.0,20.0,1.0,0,0:1.0000,0,0:1.0000,21,3,18,4,0,4,True,54,3,1.0,0.05555555555555555,True,0.05,global_train_zscore,16,True,0.02,0.0,0.0,V2E
1,25,10,0,10,0.0,False,all_negative,,,,,,,,0.0036869774262110245,0.0009466916322708185,0.007884938518206258,0.03556344786666667,0.011709169541519028,20.0,20.0,0.2,1,1:1.0000,1,1:1.0000,49,6,43,10,0,10,True,258,6,1.0,0.023255813953488372,True,0.05,global_train_zscore,16,True,0.02,0.0,0.0,V2E
2,11,13,10,3,0.7692307692307693,True,,0.23333333333333334,0.3,0.1,0.43333333333333335,-0.06666666666666665,0.13333333333333333,-0.2,0.140949350136977,0.009896571055436766,0.10489205672190739,0.43651554915384616,0.040982963338629344,20.0,20.0,0.07692307692307693,1,1:1.0000,1,1:1.0000,79,39,40,13,10,3,True,1560,16,0.41025641025641024,0.010256410256410256,True,0.05,global_train_zscore,16,True,0.02,0.0,0.0,V2E
2,10,12,11,1,0.9166666666666666,True,,0.2727272727272727,0.2727272727272727,0.18181818181818182,0.2727272727272727,0.0,0.09090909090909088,0.0,0.11063011984030406,0.012927996615568815,0.062172096222639084,0.2665945121,0.03490084516137345,20.0,20.0,0.0,1,1:1.0000,1,1:1.0000,71,47,24,12,11,1,True,1128,16,0.6666666666666666,0.014184397163120567,True,0.05,global_train_zscore,16,True,0.02,0.0,0.0,V2E
2,19,11,2,9,0.18181818181818182,True,,0.3888888888888889,0.4444444444444444,0.4444444444444445,0.5555555555555556,-0.055555555555555525,-0.05555555555555558,-0.16666666666666669,0.027700523309635385,0.03462743736577755,0.06125672455086852,0.36819379579696965,0.11791214637557995,20.0,20.0,0.6363636363636364,3,1:0.2727;3:0.7273,1,0:0.4545;1:0.5455,65,11,54,11,2,9,True,594,11,1.0,0.018518518518518517,True,0.05,global_train_zscore,16,True,0.02,0.0,0.0,V2E
2,17,13,4,9,0.3076923076923077,True,,0.4166666666666667,0.6111111111111112,0.5833333333333334,0.38888888888888895,-0.19444444444444448,-0.16666666666666669,0.027777777777777735,0.03784481951823602,0.03381975491841635,0.03499933656973718,0.2714881751025641,0.10392019071888481,20.0,20.0,0.23076923076923078,3,1:0.3077;3:0.6923,1,0:0.1538;1:0.8462,82,12,70,13,4,9,True,840,12,1.0,0.014285714285714285,True,0.05,global_train_zscore,16,True,0.02,0.0,0.0,V2E
2,27,10,3,7,0.3,True,,0.42857142857142855,0.42857142857142855,0.42857142857142855,0.4285714285714286,0.0,0.0,-5.551115123125783e-17,0.11728183428446455,0.038357241451740284,0.05526631871859232,0.26783577412,0.043346139825957704,20.0,20.0,0.0,2,2:1.0000,2,2:1.0000,62,32,30,10,3,7,True,960,16,0.5333333333333333,0.016666666666666666,True,0.05,global_train_zscore,16,True,0.02,0.0,0.0,V2E
2,8,13,4,9,0.3076923076923077,True,,0.47222222222222227,0.4444444444444445,0.4722222222222222,0.4444444444444445,0.02777777777777779,5.551115123125783e-17,0.02777777777777779,0.10931126238443914,0.016421429621867652,0.06246937047212553,0.2742623764846154,0.07772892379202151,20.0,20.0,0.46153846153846156,3,3:1.0000,1,0:0.4615;1:0.5385,78,34,44,13,4,9,True,1496,16,0.47058823529411764,0.0106951871657754,True,0.05,global_train_zscore,16,True,0.02,0.0,0.0,V2E
2,16,11,10,1,0.9090909090909091,True,,0.5,0.8,0.7,0.9,-0.30000000000000004,-0.19999999999999996,-0.4,0.08685074656298668,0.06259800764647395,0.06658940830013968,0.3146812052939394,0.09965326292726505,20.0,20.0,0.09090909090909091,1,1:1.0000,1,1:1.0000,63,21,42,11,10,1,True,882,16,0.7619047619047619,0.018140589569160998,True,0.05,global_train_zscore,16,True,0.02,0.0,0.0,V2E
2,15,15,7,8,0.4666666666666667,True,,0.5357142857142857,0.48214285714285715,0.5535714285714285,0.7142857142857143,0.05357142857142855,-0.017857142857142794,-0.1785714285714286,0.1065595246023602,0.04852081735928853,0.07229549553659227,0.30564314241911106,0.11617579883275772,20.0,20.0,0.2,1,1:0.9333;3:0.0667,1,1:1.0000,91,20,71,15,7,8,True,1420,16,0.8,0.011267605633802818,True,0.05,global_train_zscore,16,True,0.02,0.0,0.0,V2E
2,18,14,2,12,0.14285714285714285,True,,0.5416666666666667,0.375,0.41666666666666663,0.5,0.16666666666666674,0.1250000000000001,0.04166666666666674,0.011089316081433074,0.008598712583382911,0.04916742053769884,0.2325588551190476,0.1380019869476707,20.0,20.0,0.07142857142857142,1,1:1.0000,1,1:1.0000,80,11,69,14,2,12,True,759,11,1.0,0.014492753623188406,True,0.05,global_train_zscore,16,True,0.02,0.0,0.0,V2E
2,14,12,3,9,0.25,True,,0.5555555555555556,0.6296296296296295,0.5185185185185185,0.33333333333333337,-0.07407407407407396,0.03703703703703709,0.2222222222222222,0.03857681362165346,0.04734013022647965,0.03621600775255099,0.25034986944444454,0.08971334478265526,20.0,20.0,0.0,1,1:1.0000,1,1:1.0000,70,26,44,12,3,9,True,1144,16,0.6153846153846154,0.013986013986013986,True,0.05,global_train_zscore,16,True,0.02,0.0,0.0,V2E
2,29,9,3,6,0.3333333333333333,True,,0.5555555555555556,0.5555555555555556,0.611111111111111,0.5555555555555556,0.0,-0.05555555555555547,0.0,0.1070738536633413,0.006451694329303738,0.04691434875820521,0.2866818605185185,0.05953170920371006,20.0,20.0,0.0,2,2:1.0000,2,2:1.0000,55,33,22,9,3,6,True,726,16,0.7272727272727273,0.02203856749311295,True,0.05,global_train_zscore,16,True,0.02,0.0,0.0,V2E
2,13,14,4,10,0.2857142857142857,True,,0.6000000000000001,0.5249999999999999,0.55,0.7000000000000001,0.07500000000000018,0.050000000000000044,-0.09999999999999998,0.10363026318095982,0.047687328287533366,0.0525142937189057,0.24473031147904756,0.07349437216850974,20.0,20.0,0.0,1,1:1.0000,1,1:1.0000,82,21,61,14,4,10,True,1281,16,0.7619047619047619,0.01249024199843872,True,0.05,global_train_zscore,16,True,0.02,0.0,0.0,V2E
2,9,11,3,8,0.2727272727272727,True,,0.625,0.5416666666666666,0.7083333333333334,0.625,0.08333333333333337,-0.08333333333333337,0.0,0.12444070794365623,0.005185646089640546,0.055340462110259316,0.2506166061151516,0.1081332099721811,20.0,20.0,1.0,0,0:1.0000,0,0:1.0000,65,38,27,11,3,8,True,1026,16,0.5925925925925926,0.015594541910331383,True,0.05,global_train_zscore,16,True,0.02,0.0,0.0,V2E
2,0,14,6,8,0.42857142857142855,True,,0.6875,0.6458333333333334,0.625,0.625,0.04166666666666663,0.0625,0.0625,0.022538564744449787,0.023388206958770755,0.03146170647371382,0.18255037175952382,0.07103968092188793,20.0,20.0,0.07142857142857142,1,1:1.0000,1,1:1.0000,88,15,73,14,6,8,True,1095,15,1.0,0.0136986301369863,True,0.05,global_train_zscore,16,True,0.02,0.0,0.0,V2E
2,1,11,6,5,0.5454545454545454,True,,0.7,0.6666666666666666,0.6333333333333333,0.7333333333333333,0.033333333333333326,0.06666666666666665,-0.033333333333333326,0.11094296339786412,0.013205565286405173,0.05743526148073603,0.2550360044412121,0.052956083042077336,20.0,20.0,0.2727272727272727,3,3:1.0000,1,0:0.2727;1:0.7273,65,24,41,11,6,5,True,984,16,0.6666666666666666,0.016260162601626018,True,0.05,global_train_zscore,16,True,0.02,0.0,0.0,V2E
2,12,12,3,9,0.25,True,,0.7037037037037037,0.7407407407407408,0.8148148148148149,0.5185185185185186,-0.03703703703703709,-0.11111111111111116,0.18518518518518512,0.07738287498553593,0.030875586801105064,0.053432002663612366,0.24376978321666667,0.06650213533901127,20.0,20.0,0.25,1,1:1.0000,1,1:1.0000,73,19,54,12,3,9,True,1026,16,0.8421052631578947,0.015594541910331383,True,0.05,global_train_zscore,16,True,0.02,0.0,0.0,V2E
2,20,12,1,11,0.08333333333333333,True,,0.7272727272727273,0.9090909090909091,0.36363636363636365,0.8181818181818181,-0.18181818181818177,0.36363636363636365,-0.09090909090909083,0.05495107339488137,0.06291942298412323,0.03598303554786576,0.21667798515,0.053211759599711896,20.0,20.0,0.0,1,1:1.0000,1,1:1.0000,72,18,54,12,1,11,True,972,16,0.8888888888888888,0.01646090534979424,True,0.05,global_train_zscore,16,True,0.02,0.0,0.0,V2E
2,2,14,2,12,0.14285714285714285,True,,0.75,0.6666666666666667,0.6666666666666667,0.6666666666666667,0.08333333333333326,0.08333333333333326,0.08333333333333326,0.04973521952827774,0.03801036501924199,0.04269109826002802,0.29152115464523815,0.1636526286654164,20.0,20.0,0.42857142857142855,3,3:1.0000,1,0:0.4286;1:0.5714,85,17,68,14,2,12,True,1156,16,0.9411764705882353,0.01384083044982699,True,0.05,global_train_zscore,16,True,0.02,0.0,0.0,V2E
2,28,14,2,12,0.14285714285714285,True,,0.75,0.5,0.625,0.6666666666666666,0.25,0.125,0.08333333333333337,0.05473004920142039,0.05109393135422754,0.02450119491134371,0.28251812169047624,0.07236830138527713,20.0,20.0,0.0,2,2:1.0000,2,2:1.0000,86,30,56,14,2,12,True,1680,16,0.5333333333333333,0.009523809523809525,True,0.05,global_train_zscore,16,True,0.02,0.0,0.0,V2E
2,4,15,10,5,0.6666666666666666,True,,0.78,0.76,0.8,0.78,0.020000000000000018,-0.020000000000000018,0.0,0.1016871925857332,0.02366281814045378,0.05681169927120209,0.2490193345133333,0.08497819601125967,20.0,20.0,0.26666666666666666,3,1:0.2667;3:0.7333,1,0:0.2667;1:0.7333,88,40,48,15,10,5,True,1920,16,0.4,0.008333333333333333,True,0.05,global_train_zscore,16,True,0.02,0.0,0.0,V2E
2,3,11,8,3,0.7272727272727273,True,,0.7916666666666667,0.7083333333333334,0.6250000000000001,0.6666666666666667,0.08333333333333337,0.16666666666666663,0.125,0.0672187064633225,0.01186658938725791,0.03478855210723299,0.16935375189333335,0.022790480701096284,20.0,20.0,0.0,1,1:1.0000,1,1:1.0000,67,34,33,11,8,3,True,1122,16,0.48484848484848486,0.0142602495543672,True,0.05,global_train_zscore,16,True,0.02,0.0,0.0,V2E
2,23,9,1,8,0.1111111111111111,True,,0.875,0.875,0.875,0.875,0.0,0.0,0.0,0.0636538184351391,0.0026165693998336913,0.035092484619882375,0.1556992640074074,0.017934818693552686,20.0,20.0,0.0,1,1:1.0000,1,1:1.0000,54,8,46,9,1,8,True,368,8,1.0,0.021739130434782608,True,0.05,global_train_zscore,16,True,0.02,0.0,0.0,V2E
2,7,13,2,11,0.15384615384615385,True,,0.9090909090909091,0.9545454545454545,0.8181818181818182,0.6363636363636364,-0.045454545454545414,0.09090909090909083,0.2727272727272727,0.06159276343308961,0.035628328338647486,0.04425261800105755,0.29411145851794873,0.09937728683393492,20.0,20.0,0.23076923076923078,3,1:0.3846;3:0.6154,1,1:1.0000,78,16,62,13,2,11,True,992,16,1.0,0.016129032258064516,True,0.05,global_train_zscore,16,True,0.02,0.0,0.0,V2E
2,5,13,4,9,0.3076923076923077,True,,0.9166666666666667,0.8611111111111112,0.8055555555555556,0.8333333333333334,0.05555555555555558,0.11111111111111116,0.08333333333333337,0.1291369612400348,0.014145876352603623,0.1003317947571094,0.41889717848717944,0.0537862052721885,20.0,20.0,0.07692307692307693,1,1:1.0000,1,1:1.0000,77,34,43,13,4,9,True,1462,16,0.47058823529411764,0.01094391244870041,True,0.05,global_train_zscore,16,True,0.02,0.0,0.0,V2E
2,22,10,2,8,0.2,True,,0.9375,0.875,0.8125,0.8125,0.0625,0.125,0.125,0.02404498184720675,0.07688984846075375,0.06145912383993466,0.36537222236666667,0.12165193737115651,20.0,20.0,0.0,2,2:1.0000,2,2:1.0000,62,24,38,10,2,8,True,912,16,0.6666666666666666,0.017543859649122806,True,0.05,global_train_zscore,16,True,0.02,0.0,0.0,V2E
2,21,14,4,10,0.2857142857142857,True,,0.9500000000000001,0.9500000000000001,0.9500000000000001,0.9500000000000001,0.0,0.0,0.0,0.07463614926451727,0.00807851694879078,0.03609569015957059,0.16089140902452378,0.038525295869694415,20.0,20.0,0.14285714285714285,1,1:1.0000,1,1:1.0000,83,30,53,14,4,10,True,1590,16,0.5333333333333333,0.010062893081761006,True,0.05,global_train_zscore,16,True,0.02,0.0,0.0,V2E
2,6,4,0,4,0.0,False,all_negative,,,,,,,,0.012445764460911363,0.0025961661400894474,0.05089336431895692,0.5500485458333333,0.15962817042291283,20.0,20.0,1.0,0,0:1.0000,0,0:1.0000,25,3,22,4,0,4,True,66,3,1.0,0.045454545454545456,True,0.05,global_train_zscore,16,True,0.02,0.0,0.0,V2E
2,24,9,0,9,0.0,False,all_negative,,,,,,,,0.02082953602075578,0.018184906078709488,0.06548364819199952,0.423623276074074,0.1938899545819401,20.0,20.0,0.0,2,2:1.0000,2,2:1.0000,55,9,46,9,0,9,True,414,9,1.0,0.021739130434782608,True,0.05,global_train_zscore,16,True,0.02,0.0,0.0,V2E
2,25,10,0,10,0.0,False,all_negative,,,,,,,,0.061773421700733425,0.025767661274100316,0.03159688092612973,0.15395872661,0.05010167275649613,20.0,20.0,0.1,1,1:1.0000,1,1:1.0000,59,6,53,10,0,10,True,318,6,1.0,0.018867924528301886,True,0.05,global_train_zscore,16,True,0.02,0.0,0.0,V2E
2,26,13,0,13,0.0,False,all_negative,,,,,,,,0.02118970945668525,0.011950455558223617,0.07156375236809256,0.5070381362435896,0.13252668964520511,20.0,20.0,0.0,2,2:1.0000,2,2:1.0000,75,8,67,13,0,13,True,536,8,1.0,0.014925373134328358,True,0.05,global_train_zscore,16,True,0.02,0.0,0.0,V2E
3,25,10,2,8,0.2,True,,0.125,0.125,0.125,0.125,0.0,0.0,0.0,0.01140234669049581,0.012748308479785883,0.030558244884014145,0.1546733432499,0.04244240225450043,20.0,20.0,0.0,2,1:0.1000;2:0.9000,2,1:0.1000;2:0.9000,69,6,63,10,2,8,True,378,6,1.0,0.015873015873015872,True,0.05,global_train_zscore,16,True,0.02,0.0,0.0,V2E
3,17,14,5,9,0.35714285714285715,True,,0.22222222222222224,0.22222222222222224,0.22222222222222224,0.22222222222222224,0.0,0.0,0.0,0.009934914254006897,0.00046164861747197735,0.05184242377678553,0.2614105183071428,0.015377391310822778,20.0,20.0,0.07142857142857142,1,1:1.0000,1,1:1.0000,95,16,79,14,5,9,True,1264,16,1.0,0.012658227848101266,True,0.05,global_train_zscore,16,True,0.02,0.0,0.0,V2E
3,14,12,6,6,0.5,True,,0.3333333333333333,0.3333333333333333,0.3333333333333333,0.3333333333333333,0.0,0.0,0.0,0.010417921261654972,0.0015222194294134822,0.057228175716267704,0.27214547157777774,0.017676432843220048,20.0,20.0,0.0,1,1:1.0000,1,1:1.0000,82,29,53,12,6,6,True,1537,16,0.5517241379310345,0.01040988939492518,True,0.05,global_train_zscore,16,True,0.02,0.0,0.0,V2E
3,5,13,8,5,0.6153846153846154,True,,0.375,0.42500000000000004,0.42500000000000004,0.375,-0.050000000000000044,-0.050000000000000044,0.0,0.11603650603538908,0.009982669200652678,0.06750876322770732,0.2797646627535898,0.0558369730173396,20.0,20.0,0.07692307692307693,1,1:1.0000,1,1:1.0000,90,38,52,13,8,5,True,1976,16,0.42105263157894735,0.008097165991902834,True,0.05,global_train_zscore,16,True,0.02,0.0,0.0,V2E
3,9,11,4,7,0.36363636363636365,True,,0.4285714285714286,0.4285714285714286,0.4642857142857143,0.4285714285714286,0.0,-0.0357142857142857,0.0,0.0738427092631658,0.0008650539499340551,0.035608609517415346,0.15975661290060605,0.05704763738886897,20.0,20.0,1.0,0,0:1.0000,0,0:1.0000,76,41,35,11,4,7,True,1435,16,0.45714285714285713,0.011149825783972125,True,0.05,global_train_zscore,16,True,0.02,0.0,0.0,V2E
3,10,12,7,5,0.5833333333333334,True,,0.45714285714285713,0.42857142857142855,0.45714285714285713,0.5142857142857142,0.02857142857142858,0.0,-0.057142857142857106,0.0017327206830183757,0.025716648747523635,0.0458134822547436,0.20540312203988886,0.02267887288104265,20.0,20.0,0.0,1,1:1.0000,1,1:1.0000,83,58,25,12,7,5,True,1450,16,0.64,0.011034482758620689,True,0.05,global_train_zscore,16,True,0.02,0.0,0.0,V2E
3,13,14,1,13,0.07142857142857142,True,,0.46153846153846156,0.3846153846153846,0.3076923076923077,0.23076923076923073,0.07692307692307698,0.15384615384615385,0.23076923076923084,0.04125865158580598,0.0138400416998636,0.01625504167306992,0.11899341926452381,0.038893952884972265,20.0,20.0,0.0,1,1:1.0000,1,1:1.0000,96,25,71,14,1,13,True,1775,16,0.64,0.009014084507042254,True,0.05,global_train_zscore,16,True,0.02,0.0,0.0,V2E
3,4,15,10,5,0.6666666666666666,True,,0.48,0.5,0.48,0.5,-0.020000000000000018,0.0,-0.020000000000000018,0.08737519582112632,0.045492502053578694,0.03959172368049622,0.1866837501817111,0.0655393093424003,20.0,20.0,0.06666666666666667,1,1:1.0000,1,1:1.0000,103,50,53,15,10,5,True,2650,16,0.32,0.0060377358490566035,True,0.05,global_train_zscore,16,True,0.02,0.0,0.0,V2E
3,27,10,5,5,0.5,True,,0.52,0.52,0.52,0.6000000000000001,0.0,0.0,-0.08000000000000007,0.005055480450391772,0.029833538581927603,0.04233558898170787,0.2176528924565333,0.022104277650267495,20.0,20.0,0.0,2,2:1.0000,2,2:1.0000,72,35,37,10,5,5,True,1295,16,0.45714285714285713,0.012355212355212355,True,0.05,global_train_zscore,16,True,0.02,0.0,0.0,V2E
3,0,15,4,11,0.26666666666666666,True,,0.5454545454545454,0.4772727272727273,0.5681818181818181,0.5454545454545454,0.06818181818181812,-0.022727272727272707,0.0,0.009129293097390068,0.0023219618532392813,0.05695447259479099,0.25873910019266666,0.026149006058128515,20.0,20.0,0.0,1,1:1.0000,1,1:1.0000,102,21,81,15,4,11,True,1701,16,0.7619047619047619,0.00940623162845385,True,0.05,global_train_zscore,16,True,0.02,0.0,0.0,V2E
3,3,11,9,2,0.8181818181818182,True,,0.5555555555555556,0.5,0.4444444444444444,0.4444444444444444,0.05555555555555558,0.11111111111111116,0.11111111111111116,0.01211177670594417,0.012902380842151047,0.037358941453875916,0.1809986515472727,0.05173550557743974,20.0,20.0,0.0,1,1:1.0000,1,1:1.0000,78,42,36,11,9,2,True,1512,16,0.4444444444444444,0.010582010582010581,True,0.05,global_train_zscore,16,True,0.02,0.0,0.0,V2E
3,12,12,3,9,0.25,True,,0.5925925925925926,0.6296296296296295,0.5925925925925926,0.6296296296296295,-0.03703703703703698,0.0,-0.03703703703703698,0.008981204695171788,0.02130372408363553,0.05543273604578441,0.2513532069851389,0.016966263326085588,20.0,20.0,0.3333333333333333,1,1:1.0000,1,1:1.0000,85,22,63,12,3,9,True,1386,16,0.7272727272727273,0.011544011544011544,True,0.05,global_train_zscore,16,True,0.02,0.0,0.0,V2E
3,8,13,3,10,0.23076923076923078,True,,0.6,0.6333333333333333,0.6666666666666666,0.6,-0.033333333333333326,-0.06666666666666665,0.0,0.038331389045104004,0.03222195116373212,0.02797211553805914,0.12924809216589744,0.047975999187992016,20.0,20.0,0.15384615384615385,1,1:0.6154;3:0.3846,1,0:0.1538;1:0.8462,91,38,53,13,3,10,True,2014,16,0.42105263157894735,0.007944389275074478,True,0.05,global_train_zscore,16,True,0.02,0.0,0.0,V2E
3,16,11,7,4,0.6363636363636364,True,,0.6785714285714286,0.7142857142857143,0.7142857142857143,0.75,-0.0357142857142857,-0.0357142857142857,-0.0714285714285714,0.05716112978530652,0.057368315530545784,0.025431329553777512,0.11948890390453028,0.05660767968613143,20.0,20.0,0.0,1,1:1.0000,1,1:1.0000,74,31,43,11,7,4,True,1333,16,0.5161290322580645,0.012003000750187547,True,0.05,global_train_zscore,16,True,0.02,0.0,0.0,V2E
3,2,14,4,10,0.2857142857142857,True,,0.7,0.7,0.7,0.65,0.0,0.0,0.04999999999999993,0.004034171147005892,0.011005325331574398,0.04747383757716134,0.22487348139523808,0.016983170529788944,20.0,20.0,0.07142857142857142,3,3:1.0000,1,0:0.0714;1:0.9286,99,19,80,14,4,10,True,1520,16,0.8421052631578947,0.010526315789473684,True,0.05,global_train_zscore,16,True,0.02,0.0,0.0,V2E
3,15,15,6,9,0.4,True,,0.7222222222222222,0.5925925925925927,0.5555555555555556,0.6481481481481481,0.12962962962962954,0.16666666666666663,0.07407407407407407,0.049163895845413225,0.043314303292168524,0.0268351117769877,0.1636243503064444,0.04178893681052965,20.0,20.0,0.06666666666666667,1,1:1.0000,1,1:1.0000,106,27,79,15,6,9,True,2133,16,0.5925925925925926,0.007501172058134084,True,0.05,global_train_zscore,16,True,0.02,0.0,0.0,V2E
3,20,12,2,10,0.16666666666666666,True,,0.75,0.8,0.75,0.6,-0.050000000000000044,0.0,0.15000000000000002,0.007498887677987405,0.01199784378210702,0.05428886041045189,0.24999560692583336,0.014881591948938285,20.0,20.0,0.08333333333333333,1,1:1.0000,1,1:1.0000,84,19,65,12,2,10,True,1235,16,0.8421052631578947,0.012955465587044534,True,0.05,global_train_zscore,16,True,0.02,0.0,0.0,V2E
3,1,11,5,6,0.45454545454545453,True,,0.7666666666666667,0.7000000000000001,0.7000000000000001,0.7666666666666666,0.06666666666666665,0.06666666666666665,1.1102230246251565e-16,0.025921901067097984,0.04080095796874075,0.026633840618711532,0.13968838141818182,0.044756529207743916,20.0,20.0,0.18181818181818182,3,3:1.0000,1,0:0.0909;1:0.9091,76,30,46,11,5,6,True,1380,16,0.5333333333333333,0.011594202898550725,True,0.05,global_train_zscore,16,True,0.02,0.0,0.0,V2E
3,11,13,8,5,0.6153846153846154,True,,0.85,0.8,0.75,0.85,0.04999999999999993,0.09999999999999998,0.0,0.11959088383576809,0.013745361413711158,0.0723086924124987,0.2988802270484615,0.07643988238561837,20.0,20.0,0.0,1,1:1.0000,1,1:1.0000,92,49,43,13,8,5,True,2107,16,0.37209302325581395,0.007593735168485999,True,0.05,global_train_zscore,16,True,0.02,0.0,0.0,V2E
3,22,10,2,8,0.2,True,,0.875,0.875,0.875,0.875,0.0,0.0,0.0,0.006197361151377359,0.012810168663660687,0.042537268499533334,0.21749576339166668,0.012584443814111572,20.0,20.0,0.0,2,2:1.0000,2,2:1.0000,72,26,46,10,2,8,True,1196,16,0.6153846153846154,0.013377926421404682,True,0.05,global_train_zscore,16,True,0.02,0.0,0.0,V2E
3,19,11,2,9,0.18181818181818182,True,,0.8888888888888888,0.7777777777777779,0.7777777777777779,0.7777777777777779,0.11111111111111094,0.11111111111111094,0.11111111111111094,0.006366988023122158,0.007136472246863623,0.04989122983181113,0.2411969968109091,0.02897730934296313,20.0,20.0,0.09090909090909091,1,1:1.0000,1,1:1.0000,76,13,63,11,2,9,True,819,13,1.0,0.015873015873015872,True,0.05,global_train_zscore,16,True,0.02,0.0,0.0,V2E
3,21,14,2,12,0.14285714285714285,True,,0.9166666666666666,1.0,1.0,1.0,-0.08333333333333337,-0.08333333333333337,-0.08333333333333337,0.012083537876605984,0.015235197331224169,0.034879875679810865,0.1556759529014286,0.03622902016518858,20.0,20.0,0.14285714285714285,1,1:1.0000,1,1:1.0000,97,34,63,14,2,12,True,2142,16,0.47058823529411764,0.007469654528478058,True,0.05,global_train_zscore,16,True,0.02,0.0,0.0,V2E
3,29,9,3,6,0.3333333333333333,True,,0.9444444444444444,0.9444444444444444,0.9444444444444444,0.9444444444444444,0.0,0.0,0.0,0.04893796421863417,0.0027195877499050594,0.013661736691439635,0.1377219513422222,0.03316660342072452,20.0,20.0,0.1111111111111111,2,2:1.0000,2,2:1.0000,64,36,28,9,3,6,True,1008,16,0.5714285714285714,0.015873015873015872,True,0.05,global_train_zscore,16,True,0.02,0.0,0.0,V2E
3,6,4,3,1,0.75,True,,1.0,1.0,1.0,1.0,0.0,0.0,0.0,0.007722585151592867,0.0023768246173858643,0.050170986602703735,0.2530082845766667,0.014927276442928156,20.0,20.0,1.0,0,0:1.0000,0,0:1.0000,29,3,26,4,3,1,True,78,3,1.0,0.038461538461538464,True,0.05,global_train_zscore,16,True,0.02,0.0,0.0,V2E
3,7,13,0,13,0.0,False,all_negative,,,,,,,,0.006422146390645926,0.05120130150746078,0.04312867728563456,0.2046798346441026,0.030348354884235762,20.0,20.0,0.07692307692307693,1,1:1.0000,1,1:1.0000,91,18,73,13,0,13,True,1314,16,0.8888888888888888,0.0121765601217656,True,0.05,global_train_zscore,16,True,0.02,0.0,0.0,V2E
3,18,13,0,13,0.0,False,all_negative,,,,,,,,0.009765757582126531,0.0013086837835800946,0.05655818910170825,0.2615417813410256,0.01282496791581372,20.0,20.0,0.0,1,1:1.0000,1,1:1.0000,94,13,81,13,0,13,True,1053,13,1.0,0.012345679012345678,True,0.05,global_train_zscore,16,True,0.02,0.0,0.0,V2E
3,23,9,0,9,0.0,False,all_negative,,,,,,,,0.003719351909778762,0.0008810261885325329,0.04731154993728358,0.2172892990175926,0.025955983206939297,20.0,20.0,0.1111111111111111,2,1:0.3333;2:0.6667,2,1:0.3333;2:0.6667,63,9,54,9,0,9,True,486,9,1.0,0.018518518518518517,True,0.05,global_train_zscore,16,True,0.02,0.0,0.0,V2E
3,24,9,0,9,0.0,False,all_negative,,,,,,,,0.007539037201139681,0.0019695869198551904,0.04342105156845519,0.21997489789740737,0.04084667361295725,20.0,20.0,0.0,2,2:1.0000,2,2:1.0000,64,9,55,9,0,9,True,495,9,1.0,0.01818181818181818,True,0.05,global_train_zscore,16,True,0.02,0.0,0.0,V2E
3,26,13,0,13,0.0,False,all_negative,,,,,,,,0.009636162183223626,0.0010229268899330534,0.049341437526238284,0.23436386096692313,0.020208882691134234,20.0,20.0,0.0,2,2:1.0000,2,2:1.0000,88,8,80,13,0,13,True,640,8,1.0,0.0125,True,0.05,global_train_zscore,16,True,0.02,0.0,0.0,V2E
3,28,14,0,14,0.0,False,all_negative,,,,,,,,0.009107154040109536,0.02408746381600697,0.043651704986890145,0.2224914390852381,0.02604292992640635,20.0,20.0,0.07142857142857142,2,2:1.0000,2,2:1.0000,100,32,68,14,0,14,True,2176,16,0.5,0.007352941176470588,True,0.05,global_train_zscore,16,True,0.02,0.0,0.0,V2E
