experiment_id,suite,fold,model,mode,representation,interaction,auxiliary_weight,seed,params,eeg_params,base_epoch,base_dev_gauc,recovery_epoch,residual_scale,correction_abs_mean,eeg_gradient_norm,zero_sensitivity,shuffle_sensitivity,dev_gauc,dev_macro_auc,dev_auc,dev_logloss,dev_brier,dev_ece,elapsed_seconds
GR_iterate_roll1_band_region_dynamic-bilinear-aux0_s0,iterate,roll1,band_region_dynamic-bilinear-aux0,real,band_region_dynamic,bilinear,0.0,0,10139,8545,18,0.5981053606426742,1,-0.004470097832381725,0.0006180441123433411,0.0027702718379312885,0.00012349931057542562,0.00012228944979142398,0.5972761732463225,0.5898577612863328,0.59375216938563,0.6671208622258165,0.2373643402728773,0.09511513408156042,13.113088846206665
GR_iterate_roll1_band_region_dynamic-bilinear-aux0_s1,iterate,roll1,band_region_dynamic-bilinear-aux0,real,band_region_dynamic,bilinear,0.0,1,10139,8545,14,0.5960101010101011,5,0.023031949996948242,0.013876852579414845,0.0174641094626069,0.0027893565129488707,0.002637356286868453,0.6013322995412549,0.5959832594654024,0.5841374522735162,0.6706250911910357,0.23893631515331779,0.1100617265675676,10.600557804107666
GR_iterate_roll1_band_region_dynamic-bilinear-aux0_s2,iterate,roll1,band_region_dynamic-bilinear-aux0,real,band_region_dynamic,bilinear,0.0,2,10139,8545,6,0.573459972862958,2,-0.006839067675173283,0.0007300794241018593,0.004800132489166175,0.00015809244359843433,0.00021639397891703993,0.5748281320669382,0.572483164983165,0.5466851787573759,0.6782425343768534,0.2423871077081078,0.09421191900370798,7.534737586975098
GR_iterate_roll2_band_region_dynamic-bilinear-aux0_s0,iterate,roll2,band_region_dynamic-bilinear-aux0,real,band_region_dynamic,bilinear,0.0,0,10139,8545,8,0.5939790764790766,3,-0.013554778881371021,0.0027021500281989574,0.0050806918695805925,0.0006184194353409111,0.0007143518887460232,0.5959011994949495,0.5999906574906574,0.6026892679612346,0.6245293299880632,0.21725515755061917,0.038142721033315015,9.562105655670166
GR_iterate_roll2_band_region_dynamic-bilinear-aux0_s1,iterate,roll2,band_region_dynamic-bilinear-aux0,real,band_region_dynamic,bilinear,0.0,1,10139,8545,15,0.6270128742784993,1,-0.0029224723111838102,0.0003779587568715215,0.01471722286690145,7.954530883580446e-05,5.5413074733223766e-05,0.6284017631673882,0.6308050745550745,0.6224654007080785,0.6123788996294063,0.21265574349888314,0.06763923043591819,10.963333129882812
GR_iterate_roll2_band_region_dynamic-bilinear-aux0_s2,iterate,roll2,band_region_dynamic-bilinear-aux0,real,band_region_dynamic,bilinear,0.0,2,10139,8545,11,0.6183198051948053,4,0.03187902644276619,0.03388408571481705,0.12135801361707707,0.006677561905235052,0.0033819982782006264,0.6177936733405484,0.6176083176083176,0.5917462360977006,0.6198124667519574,0.21575768548727445,0.05219352892809285,10.644981145858765
GR_iterate_roll3_band_region_dynamic-bilinear-aux0_s0,iterate,roll3,band_region_dynamic-bilinear-aux0,real,band_region_dynamic,bilinear,0.0,0,10139,8545,10,0.5926261287275274,4,-0.02907012403011322,0.01190198864787817,0.03728661376262555,0.002744930563494563,0.0029274055268615484,0.5953968428618779,0.6139656562573229,0.6410678971654581,0.6480750644370982,0.20989041423755808,0.06731626478184481,11.203989267349243
GR_iterate_roll3_band_region_dynamic-bilinear-aux0_s1,iterate,roll3,band_region_dynamic-bilinear-aux0,real,band_region_dynamic,bilinear,0.0,1,10139,8545,13,0.6145339314919734,9,-0.08285975456237793,0.22243592143058777,0.32012630427403604,0.04388226196169853,0.022717438638210297,0.6417372351812911,0.6579989300822634,0.6607705266241851,0.6260285840375239,0.20141694531984344,0.04842868805387079,13.881949186325073
GR_iterate_roll3_band_region_dynamic-bilinear-aux0_s2,iterate,roll3,band_region_dynamic-bilinear-aux0,real,band_region_dynamic,bilinear,0.0,2,10139,8545,3,0.5857655650487819,7,0.06297632306814194,0.11663709580898285,0.252541413738295,0.02457611821591854,0.01663222722709179,0.6017312912417807,0.6201796814296815,0.5974511096462317,0.6515054033970572,0.2115915206149051,0.04820409983935449,10.040031433105469
