fold,user_id,sample_count,positive_count,negative_count,like_rate,valid_user_auc,exclusion_reason,real_user_auc,h2_user_auc,zero_user_auc,shuffle_user_auc,delta_h2_user_auc,delta_zero_user_auc,delta_shuffle_user_auc,zero_sensitivity_mean,shuffle_sensitivity_mean,h2_sensitivity_mean,eeg_correction_abs_mean,eeg_correction_abs_std,history_length_mean,history_length_median,seen_item_rate,session_mode_majority,session_mode_distribution,video_type_majority,video_type_distribution,train_sample_count,train_positive_count,train_negative_count,dev_sample_count_manifest,dev_positive_count_manifest,dev_negative_count_manifest,train_pair_eligible,train_possible_pos_neg_pairs,train_pair_cap_per_epoch,train_pair_minor_class_coverage,train_pair_pairspace_coverage,hard_negative_pairs_enabled,pairwise_weight
1,16,10,5,5,0.5,True,,0.2,0.2,0.24,0.24,0.0,-0.03999999999999998,-0.03999999999999998,0.0008673106630642912,0.0010668997963269532,0.0020679061611493634,0.009995397630253334,0.008504137812874004,20.0,20.0,0.0,1,1:1.0000,1,1:1.0000,53,16,37,10,5,5,True,592,8,0.5,0.013513513513513514,True,0.05
1,23,9,1,8,0.1111111111111111,True,,0.25,0.25,0.25,0.25,0.0,0.0,0.0,0.0008143296948185601,7.776971216553247e-05,0.00363331977967862,0.017356595238518516,0.005669039035803496,20.0,20.0,0.1111111111111111,1,1:1.0000,1,1:1.0000,45,7,38,9,1,8,True,266,7,1.0,0.02631578947368421,True,0.05
1,28,14,2,12,0.14285714285714285,True,,0.25,0.29166666666666663,0.25,0.25,-0.04166666666666663,0.0,0.0,0.0002350239526657884,0.00034864920945395665,0.0011285596660205374,0.005822255103047618,0.00686937633800424,20.0,20.0,0.07142857142857142,2,1:0.2857;2:0.7143,2,1:0.2857;2:0.7143,72,28,44,14,2,12,True,1232,8,0.2857142857142857,0.006493506493506494,True,0.05
1,0,15,6,9,0.4,True,,0.33333333333333337,0.33333333333333337,0.33333333333333337,0.33333333333333337,0.0,0.0,0.0,0.0017590370443132165,0.0006426172124014954,0.001099664303991534,0.005488208154733333,0.006032041221066052,20.0,20.0,0.06666666666666667,1,1:1.0000,1,1:1.0000,73,9,64,15,6,9,True,576,8,0.8888888888888888,0.013888888888888888,True,0.05
1,22,10,1,9,0.1,True,,0.33333333333333337,0.33333333333333337,0.33333333333333337,0.33333333333333337,0.0,0.0,0.0,0.00015474458535512657,0.0005059455831845777,0.0008524626493454119,0.004414527643066667,0.0036001425124791197,20.0,20.0,0.0,2,2:1.0000,2,2:1.0000,52,23,29,10,1,9,True,667,8,0.34782608695652173,0.01199400299850075,True,0.05
1,29,9,5,4,0.5555555555555556,True,,0.35,0.30000000000000004,0.35,0.35,0.04999999999999993,0.0,0.0,0.00034174985355801054,7.01281759474136e-05,0.002036485407087532,0.009702792766296297,0.007314987027080227,20.0,20.0,0.0,2,1:0.3333;2:0.6667,2,1:0.3333;2:0.6667,46,28,18,9,5,4,True,504,8,0.4444444444444444,0.015873015873015872,True,0.05
1,24,9,2,7,0.2222222222222222,True,,0.35714285714285715,0.35714285714285715,0.35714285714285715,0.35714285714285715,0.0,0.0,0.0,0.001962889675740823,0.00010922164828688598,0.00026620482956922335,0.0019443722881481486,0.001252539932315966,20.0,20.0,0.1111111111111111,1,1:0.8889;2:0.1111,1,1:0.8889;2:0.1111,46,7,39,9,2,7,True,273,7,1.0,0.02564102564102564,True,0.05
1,26,12,1,11,0.08333333333333333,True,,0.36363636363636365,0.36363636363636365,0.36363636363636365,0.36363636363636365,0.0,0.0,0.0,0.00012815081410937992,0.0001194857888751714,0.0005415744251675222,0.0032074720686111106,0.004926424262651333,20.0,20.0,0.0,2,2:1.0000,2,2:1.0000,63,7,56,12,1,11,True,392,7,1.0,0.017857142857142856,True,0.05
1,7,13,5,8,0.38461538461538464,True,,0.4,0.4,0.4,0.4,0.0,0.0,0.0,0.0005612086791258485,0.00046461285688938095,0.004342912863462383,0.021784906412594875,0.0068330267375954715,20.0,20.0,0.15384615384615385,3,3:1.0000,1,1:1.0000,65,11,54,13,5,8,True,594,8,0.7272727272727273,0.013468013468013467,True,0.05
1,19,11,3,8,0.2727272727272727,True,,0.4166666666666667,0.4166666666666667,0.4166666666666667,0.4166666666666667,0.0,0.0,0.0,0.0011050579222765837,0.0011384947733445803,0.0010883505597259026,0.005533618444787878,0.005553956001953384,20.0,20.0,0.6363636363636364,3,3:1.0000,0,0:0.5455;1:0.4545,54,8,46,11,3,8,True,368,8,1.0,0.021739130434782608,True,0.05
1,18,13,5,8,0.38461538461538464,True,,0.45,0.45,0.45,0.45,0.0,0.0,0.0,0.00012285892780009876,8.98440678914331e-05,0.0021299941417498515,0.010571629762051282,0.007362942622272665,20.0,20.0,0.07692307692307693,1,1:1.0000,1,1:1.0000,67,6,61,13,5,8,True,366,6,1.0,0.01639344262295082,True,0.05
1,15,15,7,8,0.4666666666666667,True,,0.5357142857142857,0.5357142857142857,0.5357142857142857,0.5357142857142857,0.0,0.0,0.0,0.0004935539431042172,5.745093027750836e-05,0.0015565054284201667,0.007283805554555556,0.006886080736071702,20.0,20.0,0.5333333333333333,3,3:1.0000,0,0:0.5333;1:0.4667,76,13,63,15,7,8,True,819,8,0.6153846153846154,0.009768009768009768,True,0.05
1,5,12,7,5,0.5833333333333334,True,,0.5714285714285714,0.5142857142857142,0.5428571428571428,0.5428571428571428,0.05714285714285716,0.02857142857142858,0.02857142857142858,0.000658864776293446,0.0007639519042439055,0.0038673256834347997,0.016856257727083334,0.010460526009479349,20.0,20.0,0.25,1,0:0.2500;1:0.7500,1,0:0.2500;1:0.7500,65,27,38,12,7,5,True,1026,8,0.2962962962962963,0.007797270955165692,True,0.05
1,8,13,7,6,0.5384615384615384,True,,0.5952380952380952,0.5952380952380952,0.5952380952380952,0.5952380952380952,0.0,0.0,0.0,0.00048551192650430534,0.0003946584004622197,0.0023052566326581645,0.010107465317628204,0.008968864702238883,20.0,20.0,0.38461538461538464,3,3:1.0000,1,0:0.3846;1:0.6154,65,27,38,13,7,6,True,1026,8,0.2962962962962963,0.007797270955165692,True,0.05
1,14,11,5,6,0.45454545454545453,True,,0.6333333333333333,0.6333333333333333,0.6333333333333333,0.6333333333333333,0.0,0.0,0.0,0.00011754532655079571,0.00012211907993661423,0.000986092921459312,0.005138211288484848,0.005428483951065956,20.0,20.0,0.36363636363636365,3,1:0.4545;3:0.5455,1,0:0.3636;1:0.6364,59,21,38,11,5,6,True,798,8,0.38095238095238093,0.010025062656641603,True,0.05
1,1,11,4,7,0.36363636363636365,True,,0.6428571428571428,0.6428571428571428,0.6428571428571428,0.6428571428571428,0.0,0.0,0.0,0.00039155600648938476,8.867364941222473e-05,0.0010739628112677465,0.005612234530606061,0.0051762371095251,20.0,20.0,0.5454545454545454,3,3:1.0000,0,0:0.6364;1:0.3636,54,20,34,11,4,7,True,680,8,0.4,0.011764705882352941,True,0.05
1,12,12,4,8,0.3333333333333333,True,,0.6875,0.6875,0.6875,0.6875,0.0,0.0,0.0,0.00034022289845678466,0.0005380287766456743,0.002537097367975446,0.012089203588777778,0.010636896181223248,20.0,20.0,0.25,3,1:0.2500;3:0.7500,1,0:0.2500;1:0.7500,61,15,46,12,4,8,True,690,8,0.5333333333333333,0.011594202898550725,True,0.05
1,13,13,3,10,0.23076923076923078,True,,0.7333333333333334,0.7333333333333334,0.7333333333333334,0.7333333333333334,0.0,0.0,0.0,0.00048650915806109876,0.0007095394226220725,0.0016960444358678922,0.0075550423094102575,0.0084283918166507,20.0,20.0,0.0,1,1:1.0000,1,1:1.0000,69,18,51,13,3,10,True,918,8,0.4444444444444444,0.008714596949891068,True,0.05
1,21,13,4,9,0.3076923076923077,True,,0.7500000000000001,0.7777777777777779,0.7500000000000001,0.7500000000000001,-0.02777777777777779,0.0,0.0,0.0007697714444918368,5.427576028384122e-05,0.003162690462210225,0.015040878313179486,0.007137924517046262,20.0,20.0,0.07692307692307693,1,1:1.0000,1,1:1.0000,70,26,44,13,4,9,True,1144,8,0.3076923076923077,0.006993006993006993,True,0.05
1,2,14,3,11,0.21428571428571427,True,,0.7575757575757576,0.7575757575757576,0.7575757575757576,0.7575757575757576,0.0,0.0,0.0,0.0003346367960884504,0.00032124703838713346,0.0012842941851843018,0.006097311538238094,0.006511075888371379,20.0,20.0,0.42857142857142855,3,3:1.0000,1,0:0.4286;1:0.5714,71,14,57,14,3,11,True,798,8,0.5714285714285714,0.010025062656641603,True,0.05
1,17,14,4,10,0.2857142857142857,True,,0.7749999999999999,0.7749999999999999,0.7749999999999999,0.7749999999999999,0.0,0.0,0.0,0.0002051939566930188,0.00011087847607476173,0.0016374474480038623,0.007515180761571429,0.00791331479478889,20.0,20.0,0.5714285714285714,3,3:1.0000,0,0:0.5714;1:0.4286,68,8,60,14,4,10,True,480,8,1.0,0.016666666666666666,True,0.05
1,9,11,3,8,0.2727272727272727,True,,0.7916666666666667,0.7916666666666667,0.7916666666666667,0.7916666666666667,0.0,0.0,0.0,0.00042928168267914406,4.0111668182135126e-05,0.0016477306683858153,0.007665306132545455,0.011172151808262351,20.0,20.0,0.5454545454545454,0,0:0.5455;1:0.4545,0,0:0.5455;1:0.4545,54,35,19,11,3,8,True,665,8,0.42105263157894735,0.012030075187969926,True,0.05
1,20,12,2,10,0.16666666666666666,True,,0.7999999999999999,0.7,0.7999999999999999,0.7999999999999999,0.09999999999999998,0.0,0.0,0.0004981164303090752,0.0003089908924367839,0.002331590072976196,0.010976700702222222,0.008526783183602282,20.0,20.0,0.3333333333333333,3,1:0.0833;3:0.9167,1,0:0.3333;1:0.6667,60,16,44,12,2,10,True,704,8,0.5,0.011363636363636364,True,0.05
1,4,14,10,4,0.7142857142857143,True,,0.8250000000000001,0.8250000000000001,0.8250000000000001,0.8250000000000001,0.0,0.0,0.0,0.00021804904653910978,0.0003802506696610118,0.0014010440735589805,0.006580758734667858,0.00732202658916351,20.0,20.0,0.5,3,3:1.0000,0,0:0.5000;1:0.5000,74,30,44,14,10,4,True,1320,8,0.26666666666666666,0.006060606060606061,True,0.05
1,11,13,12,1,0.9230769230769231,True,,0.8333333333333334,0.8333333333333334,0.8333333333333334,0.8333333333333334,0.0,0.0,0.0,0.0008184168583307411,0.00024039775897296043,0.0036661720428711334,0.016446504561794875,0.008183397833772818,20.0,20.0,0.15384615384615385,1,1:0.7692;3:0.2308,1,0:0.0769;1:0.9231,66,27,39,13,12,1,True,1053,8,0.2962962962962963,0.007597340930674264,True,0.05
1,27,10,5,5,0.5,True,,0.8800000000000001,0.8800000000000001,0.8800000000000001,0.8800000000000001,0.0,0.0,0.0,0.000560492277145369,0.0007702181736628122,0.0034600545962651273,0.0168975793483,0.00846551009042693,20.0,20.0,0.0,1,1:1.0000,1,1:1.0000,52,27,25,10,5,5,True,675,8,0.32,0.011851851851851851,True,0.05
1,3,11,9,2,0.8181818181818182,True,,1.0,1.0,1.0,1.0,0.0,0.0,0.0,0.0008977683204593139,7.593451124251269e-05,0.004201450582706548,0.018448452111515152,0.007703630310122075,20.0,20.0,0.18181818181818182,1,1:0.7273;3:0.2727,1,1:1.0000,56,25,31,11,9,2,True,775,8,0.32,0.01032258064516129,True,0.05
1,10,11,9,2,0.8181818181818182,True,,1.0,1.0,1.0,1.0,0.0,0.0,0.0,0.0008244956984664472,0.00019370425831189369,0.003073560469078312,0.014369810636969694,0.00856177777307423,20.0,20.0,0.0,1,1:1.0000,1,1:1.0000,60,38,22,11,9,2,True,836,8,0.36363636363636365,0.009569377990430622,True,0.05
1,6,4,0,4,0.0,False,all_negative,,,,,,,,6.096313397088021e-05,1.8142163753502583e-05,8.629262447357178e-05,0.0010125008358333333,0.00019260423022827994,20.0,20.0,1.0,0,0:1.0000,0,0:1.0000,21,3,18,4,0,4,True,54,3,1.0,0.05555555555555555,True,0.05
1,25,10,0,10,0.0,False,all_negative,,,,,,,,0.0005901162823041317,0.0008161202073097285,0.0027018879850705334,0.012558382925066669,0.005632502446048236,20.0,20.0,0.2,1,1:1.0000,1,1:1.0000,49,6,43,10,0,10,True,258,6,1.0,0.023255813953488372,True,0.05
2,11,13,10,3,0.7692307692307693,True,,0.16666666666666669,0.3,0.1,0.4666666666666667,-0.1333333333333333,0.06666666666666668,-0.3,0.17090692810523206,0.020684885673033875,0.11669425933788985,0.4873884586923077,0.06433805184329217,20.0,20.0,0.07692307692307693,1,1:1.0000,1,1:1.0000,79,39,40,13,10,3,True,1560,8,0.20512820512820512,0.005128205128205128,True,0.05
2,10,12,11,1,0.9166666666666666,True,,0.36363636363636365,0.2727272727272727,0.18181818181818182,0.36363636363636365,0.09090909090909094,0.18181818181818182,0.0,0.10087295373280843,0.01692198548052046,0.03591118504603703,0.16926821931388888,0.046432524753725515,20.0,20.0,0.0,1,1:1.0000,1,1:1.0000,71,47,24,12,11,1,True,1128,8,0.3333333333333333,0.0070921985815602835,True,0.05
2,27,10,3,7,0.3,True,,0.42857142857142855,0.42857142857142855,0.42857142857142855,0.38095238095238093,0.0,0.0,0.047619047619047616,0.11408523569504417,0.047374512255191785,0.047991337875525154,0.23008507252666668,0.06809700670657458,20.0,20.0,0.0,2,2:1.0000,2,2:1.0000,62,32,30,10,3,7,True,960,8,0.26666666666666666,0.008333333333333333,True,0.05
2,19,11,2,9,0.18181818181818182,True,,0.4444444444444445,0.4444444444444444,0.5,0.5,5.551115123125783e-17,-0.055555555555555525,-0.055555555555555525,0.026996487920934512,0.016259076017321968,0.07517786459489305,0.4462908449090909,0.09920117680753496,20.0,20.0,0.6363636363636364,3,1:0.2727;3:0.7273,1,0:0.4545;1:0.5455,65,11,54,11,2,9,True,594,8,0.7272727272727273,0.013468013468013467,True,0.05
2,17,13,4,9,0.3076923076923077,True,,0.4722222222222222,0.5833333333333334,0.5833333333333334,0.5,-0.11111111111111116,-0.11111111111111116,-0.02777777777777779,0.018059132763972644,0.016752917606096984,0.04356667456718593,0.24715470336410256,0.12470492387701798,20.0,20.0,0.23076923076923078,3,1:0.3077;3:0.6923,1,0:0.1538;1:0.8462,82,12,70,13,4,9,True,840,8,0.6666666666666666,0.009523809523809525,True,0.05
2,14,12,3,9,0.25,True,,0.5185185185185185,0.6296296296296295,0.5185185185185185,0.4814814814814815,-0.11111111111111105,0.0,0.03703703703703698,0.018718507140874852,0.04435636724034945,0.04945992554227513,0.24264668941666667,0.10836741827581602,20.0,20.0,0.0,1,1:1.0000,1,1:1.0000,70,26,44,12,3,9,True,1144,8,0.3076923076923077,0.006993006993006993,True,0.05
2,8,13,4,9,0.3076923076923077,True,,0.5277777777777778,0.4444444444444445,0.4722222222222222,0.4444444444444445,0.08333333333333331,0.05555555555555558,0.08333333333333331,0.10843132818356539,0.020429017452093298,0.04978467829716512,0.2303326744923077,0.0622343062592154,20.0,20.0,0.46153846153846156,3,3:1.0000,1,0:0.4615;1:0.5385,78,34,44,13,4,9,True,1496,8,0.23529411764705882,0.0053475935828877,True,0.05
2,9,11,3,8,0.2727272727272727,True,,0.5416666666666666,0.5416666666666666,0.7083333333333334,0.6666666666666666,0.0,-0.16666666666666674,-0.125,0.11278353721806499,0.029932376561742826,0.035213895367853576,0.1721385386878788,0.09035762342601855,20.0,20.0,1.0,0,0:1.0000,0,0:1.0000,65,38,27,11,3,8,True,1026,8,0.2962962962962963,0.007797270955165692,True,0.05
2,18,14,2,12,0.14285714285714285,True,,0.5416666666666667,0.375,0.41666666666666663,0.5833333333333333,0.16666666666666674,0.1250000000000001,-0.04166666666666652,0.013326708582185572,0.004064537762176434,0.0677909061667465,0.32858950488095245,0.13956198536501616,20.0,20.0,0.07142857142857142,1,1:1.0000,1,1:1.0000,80,11,69,14,2,12,True,759,8,0.7272727272727273,0.010540184453227932,True,0.05
2,29,9,3,6,0.3333333333333333,True,,0.5555555555555556,0.5555555555555556,0.611111111111111,0.6666666666666666,0.0,-0.05555555555555547,-0.11111111111111105,0.1140829841821903,0.017761388828081107,0.04553241159387482,0.24855210985185183,0.0840818268537351,20.0,20.0,0.0,2,2:1.0000,2,2:1.0000,55,33,22,9,3,6,True,726,8,0.36363636363636365,0.011019283746556474,True,0.05
2,15,15,7,8,0.4666666666666667,True,,0.5892857142857142,0.48214285714285715,0.5,0.6607142857142857,0.10714285714285704,0.08928571428571419,-0.07142857142857151,0.09652528729703694,0.058469736576080324,0.05055472652117411,0.2464598538,0.09045708844931959,20.0,20.0,0.2,1,1:0.9333;3:0.0667,1,1:1.0000,91,20,71,15,7,8,True,1420,8,0.4,0.005633802816901409,True,0.05
2,0,14,6,8,0.42857142857142855,True,,0.6250000000000001,0.6458333333333334,0.625,0.5833333333333334,-0.02083333333333326,1.1102230246251565e-16,0.04166666666666674,0.020493028774147947,0.023405175123895932,0.04239760445696967,0.26608659627857145,0.09828973648659059,20.0,20.0,0.07142857142857142,1,1:1.0000,1,1:1.0000,88,15,73,14,6,8,True,1095,8,0.5333333333333333,0.0073059360730593605,True,0.05
2,20,12,1,11,0.08333333333333333,True,,0.6363636363636364,0.9090909090909091,0.5454545454545454,0.5454545454545454,-0.2727272727272727,0.09090909090909094,0.09090909090909094,0.03387732555468876,0.06527793697184987,0.027030538767576228,0.23858465072222224,0.08423025823510476,20.0,20.0,0.0,1,1:1.0000,1,1:1.0000,72,18,54,12,1,11,True,972,8,0.4444444444444444,0.00823045267489712,True,0.05
2,13,14,4,10,0.2857142857142857,True,,0.65,0.5249999999999999,0.5249999999999999,0.65,0.1250000000000001,0.1250000000000001,0.0,0.08564836993103937,0.04888869502714701,0.04149369930937178,0.2391616484452381,0.10509896492213992,20.0,20.0,0.0,1,1:1.0000,1,1:1.0000,82,21,61,14,4,10,True,1281,8,0.38095238095238093,0.00624512099921936,True,0.05
2,1,11,6,5,0.5454545454545454,True,,0.7,0.6333333333333333,0.6333333333333333,0.5666666666666667,0.06666666666666665,0.06666666666666665,0.1333333333333333,0.11702150783755562,0.02356555516069584,0.04956886714155024,0.22676626193939395,0.058496889237221454,20.0,20.0,0.2727272727272727,3,3:1.0000,1,0:0.2727;1:0.7273,65,24,41,11,6,5,True,984,8,0.3333333333333333,0.008130081300813009,True,0.05
2,4,15,10,5,0.6666666666666666,True,,0.7000000000000001,0.76,0.8,0.7200000000000001,-0.05999999999999994,-0.09999999999999998,-0.020000000000000018,0.09902160432603625,0.02196159958839416,0.0443725824356079,0.2054806512346667,0.049513330343405194,20.0,20.0,0.26666666666666666,3,1:0.2667;3:0.7333,1,0:0.2667;1:0.7333,88,40,48,15,10,5,True,1920,8,0.2,0.004166666666666667,True,0.05
2,3,11,8,3,0.7272727272727273,True,,0.7083333333333334,0.7083333333333334,0.5833333333333334,0.6666666666666667,0.0,0.125,0.04166666666666663,0.057773223429015204,0.007401406313433793,0.011582751617287139,0.15813874963636362,0.019629800131559842,20.0,20.0,0.0,1,1:1.0000,1,1:1.0000,67,34,33,11,8,3,True,1122,8,0.24242424242424243,0.0071301247771836,True,0.05
2,2,14,2,12,0.14285714285714285,True,,0.75,0.6666666666666667,0.625,0.5833333333333333,0.08333333333333326,0.125,0.16666666666666674,0.03661383165135269,0.04572921006807259,0.04696361729431721,0.3354084070714286,0.1656465745821731,20.0,20.0,0.42857142857142855,3,3:1.0000,1,0:0.4286;1:0.5714,85,17,68,14,2,12,True,1156,8,0.47058823529411764,0.006920415224913495,True,0.05
2,28,14,2,12,0.14285714285714285,True,,0.75,0.5,0.5833333333333333,0.5833333333333334,0.25,0.16666666666666674,0.16666666666666663,0.026796988788105207,0.06496447573105493,0.03934754182895023,0.2411590161666667,0.10927121568382414,20.0,20.0,0.0,2,2:1.0000,2,2:1.0000,86,30,56,14,2,12,True,1680,8,0.26666666666666666,0.004761904761904762,True,0.05
2,12,12,3,9,0.25,True,,0.7777777777777778,0.7407407407407408,0.8148148148148149,0.4444444444444444,0.03703703703703698,-0.03703703703703709,0.33333333333333337,0.08254541953404747,0.048561395870314696,0.045105391078525105,0.21221762495733335,0.06601779780593514,20.0,20.0,0.25,1,1:1.0000,1,1:1.0000,73,19,54,12,3,9,True,1026,8,0.42105263157894735,0.007797270955165692,True,0.05
2,16,11,10,1,0.9090909090909091,True,,0.8,0.8,0.7,0.9,0.0,0.10000000000000009,-0.09999999999999998,0.07437379838842334,0.0535036510590351,0.0435642563935482,0.2456745019484849,0.10510582570131509,20.0,20.0,0.09090909090909091,1,1:1.0000,1,1:1.0000,63,21,42,11,10,1,True,882,8,0.38095238095238093,0.009070294784580499,True,0.05
2,23,9,1,8,0.1111111111111111,True,,0.875,0.875,0.875,0.875,0.0,0.0,0.0,0.05433211779152905,0.0014699824430324433,0.010409120608259123,0.16965830325703704,0.024030896481565176,20.0,20.0,0.0,1,1:1.0000,1,1:1.0000,54,8,46,9,1,8,True,368,8,1.0,0.021739130434782608,True,0.05
2,5,13,4,9,0.3076923076923077,True,,0.9166666666666667,0.8888888888888888,0.8055555555555556,0.8333333333333334,0.0277777777777779,0.11111111111111116,0.08333333333333337,0.1447802762954663,0.033574140224701336,0.09968729813893636,0.42659389756410254,0.09129331075384212,20.0,20.0,0.07692307692307693,1,1:1.0000,1,1:1.0000,77,34,43,13,4,9,True,1462,8,0.23529411764705882,0.005471956224350205,True,0.05
2,21,14,4,10,0.2857142857142857,True,,0.925,0.9750000000000001,0.9249999999999999,0.925,-0.050000000000000044,1.1102230246251565e-16,0.0,0.06803149375177565,0.004945760326726076,0.01360404881693066,0.15996279783333334,0.020010357231687696,20.0,20.0,0.14285714285714285,1,1:1.0000,1,1:1.0000,83,30,53,14,4,10,True,1590,8,0.26666666666666666,0.005031446540880503,True,0.05
2,22,10,2,8,0.2,True,,0.9375,0.875,0.8125,0.6875,0.0625,0.125,0.25,0.018823716541131356,0.08227305312951406,0.08027377625306446,0.495356773,0.129528764074116,20.0,20.0,0.0,2,2:1.0000,2,2:1.0000,62,24,38,10,2,8,True,912,8,0.3333333333333333,0.008771929824561403,True,0.05
2,7,13,2,11,0.15384615384615385,True,,0.9545454545454545,0.9545454545454545,0.8181818181818182,0.6818181818181819,0.0,0.13636363636363624,0.2727272727272726,0.02860124562031184,0.03494460345842901,0.025535935392746543,0.16660375694871793,0.08653342406740183,20.0,20.0,0.23076923076923078,3,1:0.3846;3:0.6154,1,1:1.0000,78,16,62,13,2,11,True,992,8,0.5,0.008064516129032258,True,0.05
2,6,4,0,4,0.0,False,all_negative,,,,,,,,0.01236390516472357,0.0017308293996999846,0.056029040444021405,0.6249895825,0.1456106065755815,20.0,20.0,1.0,0,0:1.0000,0,0:1.0000,25,3,22,4,0,4,True,66,3,1.0,0.045454545454545456,True,0.05
2,24,9,0,9,0.0,False,all_negative,,,,,,,,0.01630682746569316,0.015269021745081303,0.07603078804634238,0.4754489575925926,0.16894683903291388,20.0,20.0,0.0,2,2:1.0000,2,2:1.0000,55,9,46,9,0,9,True,414,8,0.8888888888888888,0.01932367149758454,True,0.05
2,25,10,0,10,0.0,False,all_negative,,,,,,,,0.052790038636885604,0.025851933301116035,0.013871220724346748,0.16558739766000002,0.048988304879758506,20.0,20.0,0.1,1,1:1.0000,1,1:1.0000,59,6,53,10,0,10,True,318,6,1.0,0.018867924528301886,True,0.05
2,26,13,0,13,0.0,False,all_negative,,,,,,,,0.017499292508149737,0.005373407250795607,0.07916293503382267,0.5915074964102565,0.08270735048700548,20.0,20.0,0.0,2,2:1.0000,2,2:1.0000,75,8,67,13,0,13,True,536,8,1.0,0.014925373134328358,True,0.05
3,25,10,2,8,0.2,True,,0.125,0.125,0.125,0.125,0.0,0.0,0.0,0.019614328444004046,0.014269532759984327,0.036029431720574684,0.183261884792,0.058585499436769585,20.0,20.0,0.0,2,1:0.1000;2:0.9000,2,1:0.1000;2:0.9000,69,6,63,10,2,8,True,378,6,1.0,0.015873015873015872,True,0.05
3,17,14,5,9,0.35714285714285715,True,,0.22222222222222224,0.22222222222222224,0.22222222222222224,0.22222222222222224,0.0,0.0,0.0,0.009273522311732894,0.0026726978165762826,0.06887033226944152,0.3595404697735714,0.02190982546712225,20.0,20.0,0.07142857142857142,1,1:1.0000,1,1:1.0000,95,16,79,14,5,9,True,1264,8,0.5,0.006329113924050633,True,0.05
3,14,12,6,6,0.5,True,,0.3333333333333333,0.3333333333333333,0.3333333333333333,0.3333333333333333,0.0,0.0,0.0,0.009205117821693422,0.005411003612809745,0.07638834789395334,0.37469687641611116,0.02988132482608882,20.0,20.0,0.0,1,1:1.0000,1,1:1.0000,82,29,53,12,6,6,True,1537,8,0.27586206896551724,0.00520494469746259,True,0.05
3,13,14,1,13,0.07142857142857142,True,,0.3846153846153846,0.3846153846153846,0.3076923076923077,0.23076923076923073,0.0,0.07692307692307687,0.15384615384615385,0.05353765491218797,0.020320557235252307,0.01749407127499581,0.12014942288190476,0.0497899756134253,20.0,20.0,0.0,1,1:1.0000,1,1:1.0000,96,25,71,14,1,13,True,1775,8,0.32,0.004507042253521127,True,0.05
3,4,15,10,5,0.6666666666666666,True,,0.42,0.48,0.5,0.43999999999999995,-0.06,-0.08000000000000002,-0.019999999999999962,0.12306762139002482,0.05396807193756102,0.05455570419629414,0.23735447992533334,0.05753606690109195,20.0,20.0,0.06666666666666667,1,1:1.0000,1,1:1.0000,103,50,53,15,10,5,True,2650,8,0.16,0.0030188679245283017,True,0.05
3,10,12,7,5,0.5833333333333334,True,,0.42857142857142855,0.42857142857142855,0.45714285714285713,0.4857142857142857,0.0,-0.02857142857142858,-0.05714285714285716,0.04283655103709965,0.0454149403505855,0.024440736406379244,0.10894000493277778,0.020225042326683262,20.0,20.0,0.0,1,1:1.0000,1,1:1.0000,83,58,25,12,7,5,True,1450,8,0.32,0.005517241379310344,True,0.05
3,9,11,4,7,0.36363636363636365,True,,0.4285714285714286,0.4642857142857143,0.4642857142857143,0.3928571428571429,-0.0357142857142857,-0.0357142857142857,0.0357142857142857,0.08606641491254172,0.001884306019002746,0.03249707366480972,0.1453914188369697,0.07819619871217219,20.0,20.0,1.0,0,0:1.0000,0,0:1.0000,76,41,35,11,4,7,True,1435,8,0.22857142857142856,0.005574912891986063,True,0.05
3,5,13,8,5,0.6153846153846154,True,,0.475,0.42500000000000004,0.42500000000000004,0.45,0.04999999999999993,0.04999999999999993,0.024999999999999967,0.13339818288118416,0.015193985822873214,0.06371394105446647,0.270903763046077,0.07010879372621502,20.0,20.0,0.07692307692307693,1,1:1.0000,1,1:1.0000,90,38,52,13,8,5,True,1976,8,0.21052631578947367,0.004048582995951417,True,0.05
3,0,15,4,11,0.26666666666666666,True,,0.5227272727272727,0.4545454545454546,0.5227272727272727,0.5227272727272727,0.06818181818181812,0.0,0.0,0.004141792654991139,0.010488091905911774,0.06683359311686621,0.3054149078959334,0.034084708536491655,20.0,20.0,0.0,1,1:1.0000,1,1:1.0000,102,21,81,15,4,11,True,1701,8,0.38095238095238093,0.004703115814226925,True,0.05
3,27,10,5,5,0.5,True,,0.56,0.52,0.52,0.52,0.040000000000000036,0.040000000000000036,0.040000000000000036,0.004239033907651904,0.046352169166008636,0.05755676651994388,0.30651563883,0.030157735664299048,20.0,20.0,0.0,2,2:1.0000,2,2:1.0000,72,35,37,10,5,5,True,1295,8,0.22857142857142856,0.006177606177606178,True,0.05
3,3,11,9,2,0.8181818181818182,True,,0.611111111111111,0.4444444444444444,0.4444444444444444,0.3888888888888889,0.16666666666666663,0.16666666666666663,0.22222222222222215,0.046275090087543824,0.017053479498082957,0.023671400366407466,0.1278507256638182,0.04596704171852245,20.0,20.0,0.0,1,1:1.0000,1,1:1.0000,78,42,36,11,9,2,True,1512,8,0.2222222222222222,0.005291005291005291,True,0.05
3,8,13,3,10,0.23076923076923078,True,,0.6333333333333333,0.6333333333333333,0.6333333333333333,0.5333333333333333,0.0,0.0,0.09999999999999998,0.0891035562142348,0.04074208476604561,0.03023502230644226,0.15525144248102565,0.0903318886031534,20.0,20.0,0.15384615384615385,1,1:0.6154;3:0.3846,1,0:0.1538;1:0.8462,91,38,53,13,3,10,True,2014,8,0.21052631578947367,0.003972194637537239,True,0.05
3,1,11,5,6,0.45454545454545453,True,,0.6666666666666666,0.7000000000000001,0.7000000000000001,0.8666666666666667,-0.03333333333333344,-0.03333333333333344,-0.20000000000000007,0.08431300927292219,0.03295676635973382,0.022913554401108704,0.20703937974848483,0.06763864858527403,20.0,20.0,0.18181818181818182,3,3:1.0000,1,0:0.0909;1:0.9091,76,30,46,11,5,6,True,1380,8,0.26666666666666666,0.005797101449275362,True,0.05
3,12,12,3,9,0.25,True,,0.6666666666666666,0.6666666666666667,0.6296296296296295,0.8518518518518519,-1.1102230246251565e-16,0.03703703703703709,-0.18518518518518523,0.07648158735699125,0.02463633649879032,0.025749729739295128,0.23748203961333333,0.0940928609169589,20.0,20.0,0.3333333333333333,1,1:1.0000,1,1:1.0000,85,22,63,12,3,9,True,1386,8,0.36363636363636365,0.005772005772005772,True,0.05
3,15,15,6,9,0.4,True,,0.6666666666666667,0.6111111111111112,0.5740740740740741,0.6851851851851852,0.05555555555555558,0.09259259259259267,-0.01851851851851849,0.07282288802994623,0.053010979625913834,0.026382480065027875,0.1615195588068889,0.059904539791933796,20.0,20.0,0.06666666666666667,1,1:1.0000,1,1:1.0000,106,27,79,15,6,9,True,2133,8,0.2962962962962963,0.003750586029067042,True,0.05
3,16,11,7,4,0.6363636363636364,True,,0.6785714285714285,0.6785714285714285,0.6785714285714285,0.8571428571428571,0.0,0.0,-0.1785714285714286,0.08924728586818233,0.053590385299740445,0.025710887078082934,0.13501936873333337,0.045432721900943114,20.0,20.0,0.0,1,1:1.0000,1,1:1.0000,74,31,43,11,7,4,True,1333,8,0.25806451612903225,0.006001500375093774,True,0.05
3,2,14,4,10,0.2857142857142857,True,,0.7,0.725,0.7,0.65,-0.025000000000000022,0.0,0.04999999999999993,0.0076758400315330095,0.029251703548999038,0.055397706017607753,0.2632042871707143,0.02973084203092893,20.0,20.0,0.07142857142857142,3,3:1.0000,1,0:0.0714;1:0.9286,99,19,80,14,4,10,True,1520,8,0.42105263157894735,0.005263157894736842,True,0.05
3,20,12,2,10,0.16666666666666666,True,,0.75,0.8,0.75,0.45,-0.050000000000000044,0.0,0.3,0.009487940619389233,0.03729817643761636,0.07622512926657997,0.36415105853138896,0.021797035255576427,20.0,20.0,0.08333333333333333,1,1:1.0000,1,1:1.0000,84,19,65,12,2,10,True,1235,8,0.42105263157894735,0.006477732793522267,True,0.05
3,21,14,2,12,0.14285714285714285,True,,0.75,1.0,1.0,1.0,-0.25,-0.25,-0.25,0.03465365973256883,0.023131195633184352,0.03139764460779371,0.14833343804023813,0.07380366368476673,20.0,20.0,0.14285714285714285,1,1:1.0000,1,1:1.0000,97,34,63,14,2,12,True,2142,8,0.23529411764705882,0.003734827264239029,True,0.05
3,19,11,2,9,0.18181818181818182,True,,0.7777777777777778,0.7777777777777779,0.7777777777777779,0.7777777777777778,-1.1102230246251565e-16,-1.1102230246251565e-16,0.0,0.017581446604295194,0.016700120586337467,0.0640760926586209,0.33768214629,0.06838842325773177,20.0,20.0,0.09090909090909091,1,1:1.0000,1,1:1.0000,76,13,63,11,2,9,True,819,8,0.6153846153846154,0.009768009768009768,True,0.05
3,11,13,8,5,0.6153846153846154,True,,0.8,0.8,0.8,0.8,0.0,0.0,0.0,0.14995352427164715,0.013266188976092216,0.08181204322056897,0.33711717210820513,0.11122638213304266,20.0,20.0,0.0,1,1:1.0000,1,1:1.0000,92,49,43,13,8,5,True,2107,8,0.18604651162790697,0.0037968675842429997,True,0.05
3,22,10,2,8,0.2,True,,0.875,0.875,0.875,0.875,0.0,0.0,0.0,0.004723743100961031,0.017622293035189304,0.05102084775765736,0.2676889930866667,0.027580395847450076,20.0,20.0,0.0,2,2:1.0000,2,2:1.0000,72,26,46,10,2,8,True,1196,8,0.3076923076923077,0.006688963210702341,True,0.05
3,29,9,3,6,0.3333333333333333,True,,0.9444444444444444,0.9444444444444444,0.9444444444444444,0.9444444444444444,0.0,0.0,0.0,0.06723629600471921,0.0022152449797701035,0.017759555743800257,0.14007554892592594,0.046542752880429646,20.0,20.0,0.1111111111111111,2,2:1.0000,2,2:1.0000,64,36,28,9,3,6,True,1008,8,0.2857142857142857,0.007936507936507936,True,0.05
3,6,4,3,1,0.75,True,,1.0,1.0,1.0,1.0,0.0,0.0,0.0,0.003989492853482594,0.0056151822209358285,0.06299051269888878,0.32879346397583337,0.025798689310806058,20.0,20.0,1.0,0,0:1.0000,0,0:1.0000,29,3,26,4,3,1,True,78,3,1.0,0.038461538461538464,True,0.05
3,7,13,0,13,0.0,False,all_negative,,,,,,,,0.03911547706677364,0.039080382539675794,0.02797845120613392,0.15009919817220513,0.05436810970334129,20.0,20.0,0.07692307692307693,1,1:1.0000,1,1:1.0000,91,18,73,13,0,13,True,1314,8,0.4444444444444444,0.0060882800608828,True,0.05
3,18,13,0,13,0.0,False,all_negative,,,,,,,,0.008731867258365321,0.00465521674889785,0.07552291682133307,0.36007668448830776,0.0271532972977699,20.0,20.0,0.0,1,1:1.0000,1,1:1.0000,94,13,81,13,0,13,True,1053,8,0.6153846153846154,0.007597340930674264,True,0.05
3,23,9,0,9,0.0,False,all_negative,,,,,,,,0.008643101762842229,0.0015126825482756961,0.053697204148327876,0.24893045509962963,0.027180618138927158,20.0,20.0,0.1111111111111111,2,1:0.3333;2:0.6667,2,1:0.3333;2:0.6667,63,9,54,9,0,9,True,486,8,0.8888888888888888,0.01646090534979424,True,0.05
3,24,9,0,9,0.0,False,all_negative,,,,,,,,0.00961186460874698,0.002979719252498068,0.06029680067742313,0.32173009989259266,0.05467166720157477,20.0,20.0,0.0,2,2:1.0000,2,2:1.0000,64,9,55,9,0,9,True,495,8,0.8888888888888888,0.01616161616161616,True,0.05
3,26,13,0,13,0.0,False,all_negative,,,,,,,,0.00984901839341871,0.002303608717062514,0.06667755276728898,0.32868345433333335,0.025433236033436498,20.0,20.0,0.0,2,2:1.0000,2,2:1.0000,88,8,80,13,0,13,True,640,8,1.0,0.0125,True,0.05
3,28,14,0,14,0.0,False,all_negative,,,,,,,,0.008117508852765687,0.03865065656247594,0.057224007766871234,0.3036533428976191,0.028629576388674503,20.0,20.0,0.07142857142857142,2,2:1.0000,2,2:1.0000,100,32,68,14,0,14,True,2176,8,0.25,0.003676470588235294,True,0.05
