experiment_id,stage,fold,config,scheduler,balance,lambda_pair,seed,params,backbone_params,eeg_params,backbone_best_epoch,eeg_best_epoch,dev_gauc,dev_macro_auc,dev_auc,dev_logloss,dev_brier,dev_ece,elapsed_seconds,locked_test_accessed
T_T2_scheduler_f1_sch-none_bal-sample_bce_pair-0p0_s0,T2_scheduler,1,sch-none_bal-sample_bce_pair-0p0,none,sample_bce,0.0,0,19739,1513,18145,20,2,0.599324266115311,0.591214290008933,0.5953835473793821,0.6669691673663015,0.23718629594767016,0.0792552081382377,16.922366619110107,False
T_T2_scheduler_f1_sch-none_bal-sample_bce_pair-0p0_s1,T2_scheduler,1,sch-none_bal-sample_bce_pair-0p0,none,sample_bce,0.0,1,19739,1513,18145,12,20,0.6273969976955052,0.6221553760393046,0.6401943769524471,0.6529146477106609,0.22722519002292196,0.09340213726469473,17.90044617652893,False
T_T2_scheduler_f1_sch-none_bal-sample_bce_pair-0p0_s2,T2_scheduler,1,sch-none_bal-sample_bce_pair-0p0,none,sample_bce,0.0,2,19739,1513,18145,6,1,0.5737833559475353,0.5715903078403078,0.5470322804581742,0.6783322421229321,0.2424181605713799,0.09475865118995438,9.528865575790405,False
T_T2_scheduler_f2_sch-none_bal-sample_bce_pair-0p0_s0,T2_scheduler,2,sch-none_bal-sample_bce_pair-0p0,none,sample_bce,0.0,0,19739,1513,18145,10,4,0.5934789862914863,0.5997704610204609,0.6202839466437793,0.6208914966117269,0.2154916923952617,0.06422188456609762,13.557294130325317,False
T_T2_scheduler_f2_sch-none_bal-sample_bce_pair-0p0_s1,T2_scheduler,2,sch-none_bal-sample_bce_pair-0p0,none,sample_bce,0.0,1,19739,1513,18145,16,2,0.6319196428571429,0.634282846782847,0.6266852626685263,0.6098958254658935,0.21176415080073935,0.06612082951037697,15.693872928619385,False
T_T2_scheduler_f2_sch-none_bal-sample_bce_pair-0p0_s2,T2_scheduler,2,sch-none_bal-sample_bce_pair-0p0,none,sample_bce,0.0,2,19739,1513,18145,15,1,0.6109361471861472,0.6110493672993672,0.5963952365626006,0.618922448687708,0.2153975027024248,0.045904797891003137,15.520800113677979,False
T_T2_scheduler_f3_sch-none_bal-sample_bce_pair-0p0_s0,T2_scheduler,3,sch-none_bal-sample_bce_pair-0p0,none,sample_bce,0.0,0,19739,1513,18145,6,5,0.6194808881871819,0.6331782453657454,0.636453526697429,0.6379307953016662,0.20482688934981644,0.05058788651299383,16.11669373512268,False
T_T2_scheduler_f3_sch-none_bal-sample_bce_pair-0p0_s1,T2_scheduler,3,sch-none_bal-sample_bce_pair-0p0,none,sample_bce,0.0,1,19739,1513,18145,16,11,0.6499909084699296,0.6631393143893144,0.7027027027027027,0.6050459449006398,0.1931479042020712,0.038474905734077795,22.407060146331787,False
T_T2_scheduler_f3_sch-none_bal-sample_bce_pair-0p0_s2,T2_scheduler,3,sch-none_bal-sample_bce_pair-0p0,none,sample_bce,0.0,2,19739,1513,18145,3,9,0.6029295102721677,0.6167878032461366,0.6605874166849778,0.6289817028322684,0.20022252994781511,0.05788201391234089,14.147347927093506,False
T_T2_scheduler_f1_sch-plateau_bal-sample_bce_pair-0p0_s0,T2_scheduler,1,sch-plateau_bal-sample_bce_pair-0p0,plateau,sample_bce,0.0,0,19739,1513,18145,18,3,0.5971612715642567,0.5891623720195149,0.5933703575147518,0.6680002763949578,0.23784391281308503,0.09907596498557011,21.39136004447937,False
T_T2_scheduler_f1_sch-plateau_bal-sample_bce_pair-0p0_s1,T2_scheduler,1,sch-plateau_bal-sample_bce_pair-0p0,plateau,sample_bce,0.0,1,19739,1513,18145,12,4,0.6036992526544767,0.6018344585308871,0.607497396737244,0.6641287937297238,0.2359219279933621,0.08903578248269921,14.08736515045166,False
T_T2_scheduler_f1_sch-plateau_bal-sample_bce_pair-0p0_s2,T2_scheduler,1,sch-plateau_bal-sample_bce_pair-0p0,plateau,sample_bce,0.0,2,19739,1513,18145,9,1,0.574594990415886,0.572646533360819,0.5498438042346407,0.6760393828587457,0.24145736707373358,0.0940935666803644,11.66102385520935,False
T_T2_scheduler_f2_sch-plateau_bal-sample_bce_pair-0p0_s0,T2_scheduler,2,sch-plateau_bal-sample_bce_pair-0p0,plateau,sample_bce,0.0,0,19739,1513,18145,10,10,0.5935793199855699,0.5979186554186554,0.636948825233344,0.6206826153787975,0.21433313068524548,0.06471896759728805,17.909874439239502,False
T_T2_scheduler_f2_sch-plateau_bal-sample_bce_pair-0p0_s1,T2_scheduler,2,sch-plateau_bal-sample_bce_pair-0p0,plateau,sample_bce,0.0,1,19739,1513,18145,16,2,0.6319196428571429,0.634282846782847,0.6266852626685263,0.6098958254658935,0.21176415080073935,0.06612082951037697,20.946322679519653,False
T_T2_scheduler_f2_sch-plateau_bal-sample_bce_pair-0p0_s2,T2_scheduler,2,sch-plateau_bal-sample_bce_pair-0p0,plateau,sample_bce,0.0,2,19739,1513,18145,15,1,0.6109361471861472,0.6110493672993672,0.5963952365626006,0.618922448687708,0.2153975027024248,0.045904797891003137,22.678855180740356,False
T_T2_scheduler_f3_sch-plateau_bal-sample_bce_pair-0p0_s0,T2_scheduler,3,sch-plateau_bal-sample_bce_pair-0p0,plateau,sample_bce,0.0,0,19739,1513,18145,6,5,0.6194808881871819,0.6331782453657454,0.636453526697429,0.6379307953016662,0.20482688934981644,0.05058788651299383,18.612266540527344,False
T_T2_scheduler_f3_sch-plateau_bal-sample_bce_pair-0p0_s1,T2_scheduler,3,sch-plateau_bal-sample_bce_pair-0p0,plateau,sample_bce,0.0,1,19739,1513,18145,6,8,0.6091384916559742,0.6265693103193103,0.6494909543690032,0.630150319716534,0.20245209080229,0.026909184213325502,18.910252809524536,False
T_T2_scheduler_f3_sch-plateau_bal-sample_bce_pair-0p0_s2,T2_scheduler,3,sch-plateau_bal-sample_bce_pair-0p0,plateau,sample_bce,0.0,2,19739,1513,18145,3,9,0.5990904976918962,0.6121635077885078,0.6535559950194096,0.6289274001304707,0.20045429191123684,0.06541954157437238,14.929768800735474,False
T_T3_user_balance_f1_sch-none_bal-sample_bce_pair-0p0_s0,T3_user_balance,1,sch-none_bal-sample_bce_pair-0p0,none,sample_bce,0.0,0,19739,1513,18145,20,2,0.599324266115311,0.591214290008933,0.5953835473793821,0.6669691673663015,0.23718629594767016,0.0792552081382377,16.51989436149597,False
T_T3_user_balance_f1_sch-none_bal-sample_bce_pair-0p0_s1,T3_user_balance,1,sch-none_bal-sample_bce_pair-0p0,none,sample_bce,0.0,1,19739,1513,18145,12,20,0.6273969976955052,0.6221553760393046,0.6401943769524471,0.6529146477106609,0.22722519002292196,0.09340213726469473,20.497291803359985,False
T_T3_user_balance_f1_sch-none_bal-sample_bce_pair-0p0_s2,T3_user_balance,1,sch-none_bal-sample_bce_pair-0p0,none,sample_bce,0.0,2,19739,1513,18145,6,1,0.5737833559475353,0.5715903078403078,0.5470322804581742,0.6783322421229321,0.2424181605713799,0.09475865118995438,10.116022825241089,False
T_T3_user_balance_f2_sch-none_bal-sample_bce_pair-0p0_s0,T3_user_balance,2,sch-none_bal-sample_bce_pair-0p0,none,sample_bce,0.0,0,19739,1513,18145,10,4,0.5934789862914863,0.5997704610204609,0.6202839466437793,0.6208914966117269,0.2154916923952617,0.06422188456609762,14.838047981262207,False
T_T3_user_balance_f2_sch-none_bal-sample_bce_pair-0p0_s1,T3_user_balance,2,sch-none_bal-sample_bce_pair-0p0,none,sample_bce,0.0,1,19739,1513,18145,16,2,0.6319196428571429,0.634282846782847,0.6266852626685263,0.6098958254658935,0.21176415080073935,0.06612082951037697,16.491370677947998,False
T_T3_user_balance_f2_sch-none_bal-sample_bce_pair-0p0_s2,T3_user_balance,2,sch-none_bal-sample_bce_pair-0p0,none,sample_bce,0.0,2,19739,1513,18145,15,1,0.6109361471861472,0.6110493672993672,0.5963952365626006,0.618922448687708,0.2153975027024248,0.045904797891003137,16.473405361175537,False
T_T3_user_balance_f3_sch-none_bal-sample_bce_pair-0p0_s0,T3_user_balance,3,sch-none_bal-sample_bce_pair-0p0,none,sample_bce,0.0,0,19739,1513,18145,6,5,0.6194808881871819,0.6331782453657454,0.636453526697429,0.6379307953016662,0.20482688934981644,0.05058788651299383,18.100408792495728,False
T_T3_user_balance_f3_sch-none_bal-sample_bce_pair-0p0_s1,T3_user_balance,3,sch-none_bal-sample_bce_pair-0p0,none,sample_bce,0.0,1,19739,1513,18145,16,11,0.6499909084699296,0.6631393143893144,0.7027027027027027,0.6050459449006398,0.1931479042020712,0.038474905734077795,26.998334646224976,False
T_T3_user_balance_f3_sch-none_bal-sample_bce_pair-0p0_s2,T3_user_balance,3,sch-none_bal-sample_bce_pair-0p0,none,sample_bce,0.0,2,19739,1513,18145,3,9,0.6029295102721677,0.6167878032461366,0.6605874166849778,0.6289817028322684,0.20022252994781511,0.05788201391234089,17.342265605926514,False
T_T3_user_balance_f1_sch-none_bal-inverse_user_count_bce_pair-0p0_s0,T3_user_balance,1,sch-none_bal-inverse_user_count_bce_pair-0p0,none,inverse_user_count_bce,0.0,0,19739,1513,18145,39,2,0.6099924619327605,0.6018479866694154,0.6678583825060743,0.632896237885473,0.22057815907750866,0.0529465008324231,27.646851062774658,False
T_T3_user_balance_f1_sch-none_bal-inverse_user_count_bce_pair-0p0_s1,T3_user_balance,1,sch-none_bal-inverse_user_count_bce_pair-0p0,none,inverse_user_count_bce,0.0,1,19739,1513,18145,11,16,0.620607245159484,0.6116944100872672,0.6249566122874003,0.6842925809734242,0.23758607269573223,0.09752987276623959,21.373238563537598,False
T_T3_user_balance_f1_sch-none_bal-inverse_user_count_bce_pair-0p0_s2,T3_user_balance,1,sch-none_bal-inverse_user_count_bce_pair-0p0,none,inverse_user_count_bce,0.0,2,19739,1513,18145,7,1,0.5728750188451681,0.5710308871023158,0.552481777160708,0.6746091176989862,0.24087020090236458,0.08435970399646156,12.098283290863037,False
T_T3_user_balance_f2_sch-none_bal-inverse_user_count_bce_pair-0p0_s0,T3_user_balance,2,sch-none_bal-inverse_user_count_bce_pair-0p0,none,inverse_user_count_bce,0.0,0,19739,1513,18145,9,1,0.5928951343795095,0.5990040052540052,0.6073740299681721,0.6239549979721649,0.21702716884497628,0.04308164743196449,15.012859106063843,False
T_T3_user_balance_f2_sch-none_bal-inverse_user_count_bce_pair-0p0_s1,T3_user_balance,2,sch-none_bal-inverse_user_count_bce_pair-0p0,none,inverse_user_count_bce,0.0,1,19739,1513,18145,16,1,0.6296878382034632,0.6331523106523107,0.6247183778564531,0.6120154858307916,0.2124825047038623,0.06745301986380028,18.698944330215454,False
T_T3_user_balance_f2_sch-none_bal-inverse_user_count_bce_pair-0p0_s2,T3_user_balance,2,sch-none_bal-inverse_user_count_bce_pair-0p0,none,inverse_user_count_bce,0.0,2,19739,1513,18145,12,1,0.6115497610028859,0.6116184278684279,0.5859886278296319,0.6216387217209393,0.21640224497427174,0.050636910848460816,17.238551139831543,False
T_T3_user_balance_f3_sch-none_bal-inverse_user_count_bce_pair-0p0_s0,T3_user_balance,3,sch-none_bal-inverse_user_count_bce_pair-0p0,none,inverse_user_count_bce,0.0,0,19739,1513,18145,7,7,0.6234007057433631,0.6338182265265598,0.6527869332747381,0.6345156188055645,0.20323510311385976,0.07708316938253985,24.575107097625732,False
T_T3_user_balance_f3_sch-none_bal-inverse_user_count_bce_pair-0p0_s1,T3_user_balance,3,sch-none_bal-inverse_user_count_bce_pair-0p0,none,inverse_user_count_bce,0.0,1,19739,1513,18145,18,6,0.6397560190392358,0.6498321084779417,0.6887131033472497,0.6095175740126494,0.19555801195441416,0.025470505905840643,28.339901447296143,False
T_T3_user_balance_f3_sch-none_bal-inverse_user_count_bce_pair-0p0_s2,T3_user_balance,3,sch-none_bal-inverse_user_count_bce_pair-0p0,none,inverse_user_count_bce,0.0,2,19739,1513,18145,3,7,0.6072725060487298,0.6196263420221754,0.6578773895847067,0.632171222684409,0.20185620832013582,0.07061348130427128,19.664188861846924,False
T_T3_user_balance_f1_sch-none_bal-user_balanced_sampler_pair-0p0_s0,T3_user_balance,1,sch-none_bal-user_balanced_sampler_pair-0p0,none,user_balanced_sampler,0.0,0,19739,1513,18145,11,1,0.5802929077555943,0.5816580773723631,0.5673724401249566,0.666653407466607,0.2372994235036399,0.06167730932420166,16.114630699157715,False
T_T3_user_balance_f1_sch-none_bal-user_balanced_sampler_pair-0p0_s1,T3_user_balance,1,sch-none_bal-user_balanced_sampler_pair-0p0,none,user_balanced_sampler,0.0,1,19739,1513,18145,34,5,0.6118327195192867,0.6042389026317598,0.6632072197153767,0.6295099339404118,0.2185536011952175,0.043617356557900715,31.281808376312256,False
T_T3_user_balance_f1_sch-none_bal-user_balanced_sampler_pair-0p0_s2,T3_user_balance,1,sch-none_bal-user_balanced_sampler_pair-0p0,none,user_balanced_sampler,0.0,2,19739,1513,18145,20,2,0.5779417845835757,0.5709123118944547,0.5833391183616801,0.6733640258080925,0.2398000118890105,0.09031991380931312,21.07757258415222,False
T_T3_user_balance_f2_sch-none_bal-user_balanced_sampler_pair-0p0_s0,T3_user_balance,2,sch-none_bal-user_balanced_sampler_pair-0p0,none,user_balanced_sampler,0.0,0,19739,1513,18145,9,4,0.623881222943723,0.6228607041107043,0.6132389228623538,0.6124546442947562,0.2125966733623147,0.04024981952656917,18.343514680862427,False
T_T3_user_balance_f2_sch-none_bal-user_balanced_sampler_pair-0p0_s1,T3_user_balance,2,sch-none_bal-user_balanced_sampler_pair-0p0,none,user_balanced_sampler,0.0,1,19739,1513,18145,20,6,0.6488333107864357,0.6475596163096164,0.6406680256052641,0.6066155142744946,0.21073050684543174,0.04003792386822498,27.41596269607544,False
T_T3_user_balance_f2_sch-none_bal-user_balanced_sampler_pair-0p0_s2,T3_user_balance,2,sch-none_bal-user_balanced_sampler_pair-0p0,none,user_balanced_sampler,0.0,2,19739,1513,18145,16,1,0.6172055375180375,0.6173548673548674,0.6169223616922361,0.6124972521585993,0.21301126699555642,0.05298192142587407,20.73823094367981,False
T_T3_user_balance_f3_sch-none_bal-user_balanced_sampler_pair-0p0_s0,T3_user_balance,3,sch-none_bal-user_balanced_sampler_pair-0p0,none,user_balanced_sampler,0.0,0,19739,1513,18145,7,6,0.630964101943123,0.6425931283222951,0.6550208745330697,0.6336619749192087,0.20298833526131466,0.06990113780483119,21.035284757614136,False
T_T3_user_balance_f3_sch-none_bal-user_balanced_sampler_pair-0p0_s1,T3_user_balance,3,sch-none_bal-user_balanced_sampler_pair-0p0,none,user_balanced_sampler,0.0,1,19739,1513,18145,18,10,0.6506647684095237,0.6658063233063234,0.7037647403501062,0.6048400188496671,0.1937143525796194,0.0571006936368786,30.38420295715332,False
T_T3_user_balance_f3_sch-none_bal-user_balanced_sampler_pair-0p0_s2,T3_user_balance,3,sch-none_bal-user_balanced_sampler_pair-0p0,none,user_balanced_sampler,0.0,2,19739,1513,18145,21,6,0.6401630517889259,0.6504173103131436,0.6752728338094193,0.6210384735750581,0.19961965498323156,0.0507419163961877,29.08784294128418,False
T_T4_pairwise_f1_sch-none_bal-sample_bce_pair-0p0_s0,T4_pairwise,1,sch-none_bal-sample_bce_pair-0p0,none,sample_bce,0.0,0,19739,1513,18145,20,2,0.599324266115311,0.591214290008933,0.5953835473793821,0.6669691673663015,0.23718629594767016,0.0792552081382377,19.121881008148193,False
T_T4_pairwise_f1_sch-none_bal-sample_bce_pair-0p0_s1,T4_pairwise,1,sch-none_bal-sample_bce_pair-0p0,none,sample_bce,0.0,1,19739,1513,18145,12,20,0.6273969976955052,0.6221553760393046,0.6401943769524471,0.6529146477106609,0.22722519002292196,0.09340213726469473,23.14577341079712,False
T_T4_pairwise_f1_sch-none_bal-sample_bce_pair-0p0_s2,T4_pairwise,1,sch-none_bal-sample_bce_pair-0p0,none,sample_bce,0.0,2,19739,1513,18145,6,1,0.5737833559475353,0.5715903078403078,0.5470322804581742,0.6783322421229321,0.2424181605713799,0.09475865118995438,12.48677659034729,False
T_T4_pairwise_f2_sch-none_bal-sample_bce_pair-0p0_s0,T4_pairwise,2,sch-none_bal-sample_bce_pair-0p0,none,sample_bce,0.0,0,19739,1513,18145,10,4,0.5934789862914863,0.5997704610204609,0.6202839466437793,0.6208914966117269,0.2154916923952617,0.06422188456609762,17.64192271232605,False
T_T4_pairwise_f2_sch-none_bal-sample_bce_pair-0p0_s1,T4_pairwise,2,sch-none_bal-sample_bce_pair-0p0,none,sample_bce,0.0,1,19739,1513,18145,16,2,0.6319196428571429,0.634282846782847,0.6266852626685263,0.6098958254658935,0.21176415080073935,0.06612082951037697,19.34520721435547,False
T_T4_pairwise_f2_sch-none_bal-sample_bce_pair-0p0_s2,T4_pairwise,2,sch-none_bal-sample_bce_pair-0p0,none,sample_bce,0.0,2,19739,1513,18145,15,1,0.6109361471861472,0.6110493672993672,0.5963952365626006,0.618922448687708,0.2153975027024248,0.045904797891003137,18.13405704498291,False
T_T4_pairwise_f3_sch-none_bal-sample_bce_pair-0p0_s0,T4_pairwise,3,sch-none_bal-sample_bce_pair-0p0,none,sample_bce,0.0,0,19739,1513,18145,6,5,0.6194808881871819,0.6331782453657454,0.636453526697429,0.6379307953016662,0.20482688934981644,0.05058788651299383,17.149890184402466,False
T_T4_pairwise_f3_sch-none_bal-sample_bce_pair-0p0_s1,T4_pairwise,3,sch-none_bal-sample_bce_pair-0p0,none,sample_bce,0.0,1,19739,1513,18145,16,11,0.6499909084699296,0.6631393143893144,0.7027027027027027,0.6050459449006398,0.1931479042020712,0.038474905734077795,26.492275953292847,False
T_T4_pairwise_f3_sch-none_bal-sample_bce_pair-0p0_s2,T4_pairwise,3,sch-none_bal-sample_bce_pair-0p0,none,sample_bce,0.0,2,19739,1513,18145,3,9,0.6029295102721677,0.6167878032461366,0.6605874166849778,0.6289817028322684,0.20022252994781511,0.05788201391234089,17.979414701461792,False
T_T4_pairwise_f1_sch-none_bal-sample_bce_pair-0p05_s0,T4_pairwise,1,sch-none_bal-sample_bce_pair-0p05,none,sample_bce,0.05,0,19739,1513,18145,18,3,0.6053573043871553,0.5976602977049407,0.5955570982297813,0.6670192916071971,0.23729360496262622,0.07909978262247534,18.106467485427856,False
T_T4_pairwise_f1_sch-none_bal-sample_bce_pair-0p05_s1,T4_pairwise,1,sch-none_bal-sample_bce_pair-0p05,none,sample_bce,0.05,1,19739,1513,18145,13,4,0.6068525338674593,0.6041785628392772,0.6136758070114543,0.6601271760908155,0.23420448566095922,0.07937799831772262,16.32593274116516,False
T_T4_pairwise_f1_sch-none_bal-sample_bce_pair-0p05_s2,T4_pairwise,1,sch-none_bal-sample_bce_pair-0p05,none,sample_bce,0.05,2,19739,1513,18145,6,1,0.5737833559475353,0.5715903078403078,0.547066990628254,0.6782023383440193,0.2423680614201627,0.09442960797544878,11.493147373199463,False
T_T4_pairwise_f2_sch-none_bal-sample_bce_pair-0p05_s0,T4_pairwise,2,sch-none_bal-sample_bce_pair-0p05,none,sample_bce,0.05,0,19739,1513,18145,7,4,0.5989705086580087,0.603198976948977,0.6339448557021777,0.6163511225985694,0.2133767984667336,0.062114895736076606,15.168379545211792,False
T_T4_pairwise_f2_sch-none_bal-sample_bce_pair-0p05_s1,T4_pairwise,2,sch-none_bal-sample_bce_pair-0p05,none,sample_bce,0.05,1,19739,1513,18145,16,1,0.6317401695526695,0.6338996651496652,0.6243965239781138,0.611501548315638,0.21235500636655144,0.060890914078964097,18.152257442474365,False
T_T4_pairwise_f2_sch-none_bal-sample_bce_pair-0p05_s2,T4_pairwise,2,sch-none_bal-sample_bce_pair-0p05,none,sample_bce,0.05,2,19739,1513,18145,9,3,0.6218373466810967,0.6235310060310061,0.5900296820798914,0.6192777507152265,0.2155266769404457,0.05851990619302842,15.772098302841187,False
T_T4_pairwise_f3_sch-none_bal-sample_bce_pair-0p05_s0,T4_pairwise,3,sch-none_bal-sample_bce_pair-0p05,none,sample_bce,0.05,0,19739,1513,18145,10,7,0.6181716690457949,0.6289841447133114,0.6537391049586172,0.638574402099651,0.20549052747387286,0.08944895998307612,20.564321994781494,False
T_T4_pairwise_f3_sch-none_bal-sample_bce_pair-0p05_s1,T4_pairwise,3,sch-none_bal-sample_bce_pair-0p05,none,sample_bce,0.05,1,19739,1513,18145,16,2,0.6237030937205763,0.6378413561746895,0.6742840401376987,0.618384790103352,0.19931363469051563,0.027377718523817318,21.12828040122986,False
T_T4_pairwise_f3_sch-none_bal-sample_bce_pair-0p05_s2,T4_pairwise,3,sch-none_bal-sample_bce_pair-0p05,none,sample_bce,0.05,2,19739,1513,18145,3,6,0.603851480687145,0.6203772307938974,0.6479894528675016,0.633849225802492,0.20257839486309287,0.0572334537898924,15.652702569961548,False
T_T4_pairwise_f1_sch-none_bal-sample_bce_pair-0p1_s0,T4_pairwise,1,sch-none_bal-sample_bce_pair-0p1,none,sample_bce,0.1,0,19739,1513,18145,18,4,0.603388576597532,0.5968631038273896,0.5978479694550503,0.6659564754806362,0.23685893580878672,0.07753219745818385,18.1114501953125,False
T_T4_pairwise_f1_sch-none_bal-sample_bce_pair-0p1_s1,T4_pairwise,1,sch-none_bal-sample_bce_pair-0p1,none,sample_bce,0.1,1,19739,1513,18145,13,1,0.6094002929077558,0.604144635126778,0.5871225269003818,0.6701975708014292,0.23878779102511152,0.09650478482161007,15.019536256790161,False
T_T4_pairwise_f1_sch-none_bal-sample_bce_pair-0p1_s2,T4_pairwise,1,sch-none_bal-sample_bce_pair-0p1,none,sample_bce,0.1,2,19739,1513,18145,6,1,0.5727385798281323,0.5706974506974507,0.5470669906282541,0.6781778380614767,0.2423610174453574,0.09425670928975571,11.480169534683228,False
T_T4_pairwise_f2_sch-none_bal-sample_bce_pair-0p1_s0,T4_pairwise,2,sch-none_bal-sample_bce_pair-0p1,none,sample_bce,0.1,0,19739,1513,18145,8,4,0.6097147817460318,0.6152901727901727,0.6270786396309409,0.618201748545079,0.21423388204978183,0.060107133304831056,15.791667222976685,False
T_T4_pairwise_f2_sch-none_bal-sample_bce_pair-0p1_s1,T4_pairwise,2,sch-none_bal-sample_bce_pair-0p1,none,sample_bce,0.1,1,19739,1513,18145,18,2,0.6331323277417027,0.6335208772708772,0.6364481636448165,0.606399804338224,0.21054817623971428,0.06092006243828138,20.13813066482544,False
T_T4_pairwise_f2_sch-none_bal-sample_bce_pair-0p1_s2,T4_pairwise,2,sch-none_bal-sample_bce_pair-0p1,none,sample_bce,0.1,2,19739,1513,18145,14,1,0.6141518984487735,0.6131420893920894,0.589600543575439,0.6209936960884067,0.21622275990199424,0.04734623202925883,18.04398250579834,False
T_T4_pairwise_f3_sch-none_bal-sample_bce_pair-0p1_s0,T4_pairwise,3,sch-none_bal-sample_bce_pair-0p1,none,sample_bce,0.1,0,19739,1513,18145,10,5,0.6233290117031377,0.6347298457715124,0.6407749212627261,0.6434459740344711,0.20735526844979915,0.08686656119981707,21.792213201522827,False
T_T4_pairwise_f3_sch-none_bal-sample_bce_pair-0p1_s1,T4_pairwise,3,sch-none_bal-sample_bce_pair-0p1,none,sample_bce,0.1,1,19739,1513,18145,16,11,0.6442272762202832,0.6589785368952036,0.6865157840767597,0.6157248785105344,0.1975872483539195,0.054478914937703106,30.365034341812134,False
T_T4_pairwise_f3_sch-none_bal-sample_bce_pair-0p1_s2,T4_pairwise,3,sch-none_bal-sample_bce_pair-0p1,none,sample_bce,0.1,2,19739,1513,18145,3,9,0.6060240943982202,0.6194504145545813,0.6603676847579286,0.6291436768922422,0.20060006621825233,0.05920226823086137,19.85535430908203,False
T_T4_pairwise_f1_sch-none_bal-sample_bce_pair-0p2_s0,T4_pairwise,1,sch-none_bal-sample_bce_pair-0p2,none,sample_bce,0.2,0,19739,1513,18145,44,5,0.6150243371885162,0.6070992020545594,0.6507115584866366,0.6378059393276733,0.22266613150225426,0.04285656450513781,34.673234701156616,False
T_T4_pairwise_f1_sch-none_bal-sample_bce_pair-0p2_s1,T4_pairwise,1,sch-none_bal-sample_bce_pair-0p2,none,sample_bce,0.2,1,19739,1513,18145,13,2,0.6134349895543926,0.6085006957328387,0.5933009371745922,0.667874742353232,0.23777286196208675,0.09819437909262912,16.131720542907715,False
T_T4_pairwise_f1_sch-none_bal-sample_bce_pair-0p2_s2,T4_pairwise,1,sch-none_bal-sample_bce_pair-0p2,none,sample_bce,0.2,2,19739,1513,18145,7,1,0.5738250306907023,0.572377258984402,0.5508851093370358,0.6744579432159042,0.24080346919484796,0.08258500947139323,14.644446849822998,False
T_T4_pairwise_f2_sch-none_bal-sample_bce_pair-0p2_s0,T4_pairwise,2,sch-none_bal-sample_bce_pair-0p2,none,sample_bce,0.2,0,19739,1513,18145,8,4,0.6014643082611832,0.6064521127021126,0.6283302936022602,0.6187703595817108,0.21452558003110267,0.06915072727035414,17.871192455291748,False
T_T4_pairwise_f2_sch-none_bal-sample_bce_pair-0p2_s1,T4_pairwise,2,sch-none_bal-sample_bce_pair-0p2,none,sample_bce,0.2,1,19739,1513,18145,17,1,0.6364187635281385,0.6376005938505939,0.6283660551442978,0.6099694486426476,0.2118132917261244,0.07052681041852663,24.07271122932434,False
T_T4_pairwise_f2_sch-none_bal-sample_bce_pair-0p2_s2,T4_pairwise,2,sch-none_bal-sample_bce_pair-0p2,none,sample_bce,0.2,2,19739,1513,18145,14,1,0.6158743686868686,0.6146657971657972,0.5890998819869112,0.6210414839567947,0.21626619798672375,0.05287627210144705,25.158875226974487,False
T_T4_pairwise_f3_sch-none_bal-sample_bce_pair-0p2_s0,T4_pairwise,3,sch-none_bal-sample_bce_pair-0p2,none,sample_bce,0.2,0,19739,1513,18145,6,5,0.6159335516853,0.6308191885275218,0.6378085402475646,0.6451388604464007,0.2080870517490856,0.085213452234869,23.414313793182373,False
T_T4_pairwise_f3_sch-none_bal-sample_bce_pair-0p2_s1,T4_pairwise,3,sch-none_bal-sample_bce_pair-0p2,none,sample_bce,0.2,1,19739,1513,18145,16,13,0.6315522763949337,0.6469762953096286,0.6694133157547792,0.6280348613108554,0.20217424914269644,0.06848004312842974,32.68313550949097,False
T_T4_pairwise_f3_sch-none_bal-sample_bce_pair-0p2_s2,T4_pairwise,3,sch-none_bal-sample_bce_pair-0p2,none,sample_bce,0.2,2,19739,1513,18145,5,4,0.6018254763884134,0.6191904122112456,0.6332307917673771,0.6500771060067568,0.21081160589945597,0.08166866715252877,17.93852186203003,False
