phase,fold,seed,config_id,candidate,uses_eeg,control_type,pairwise_c,pair_sample_rate,pair_cap,transfer_gauc,transfer_macro_user_auc,transfer_global_auc,transfer_valid_user_count,delta_transfer_gauc_vs_current_champion
V2-I,1,2026,C0p03-sample0p35-cap3000,V2H-local-real,True,real_eeg,0.03,0.35,3000,0.6524835777820853,0.6476755866488008,0.43502256161055186,28,0.03646310195931257
V2-I,2,2026,C0p03-sample0p35-cap3000,V2H-local-real,True,real_eeg,0.03,0.35,3000,0.6060222763347765,0.6028723591223591,0.3513929120623681,26,-0.009998199487996295
V2-I,3,2026,C0p03-sample0p35-cap3000,V2H-local-real,True,real_eeg,0.03,0.35,3000,0.6469139640468311,0.650177199343866,0.36501135281623087,24,0.030893488224058352
V2-I,1,2027,C0p03-sample0p35-cap3000,V2H-local-real,True,real_eeg,0.03,0.35,3000,0.66846934160367,0.6635602410155982,0.4408538701839639,28,0.05244886578089725
V2-I,2,2027,C0p03-sample0p35-cap3000,V2H-local-real,True,real_eeg,0.03,0.35,3000,0.5933345734126985,0.5885830373330373,0.34195186496441726,26,-0.022685902410074288
V2-I,3,2027,C0p03-sample0p35-cap3000,V2H-local-real,True,real_eeg,0.03,0.35,3000,0.6130808779410178,0.6203164389622723,0.38746063136307035,24,-0.0029395978817549073
V2-I,1,2028,C0p03-sample0p35-cap3000,V2H-local-real,True,real_eeg,0.03,0.35,3000,0.6719285606599039,0.6661495482031196,0.4444290177021868,28,0.05590808483713117
V2-I,2,2028,C0p03-sample0p35-cap3000,V2H-local-real,True,real_eeg,0.03,0.35,3000,0.6171037382756133,0.6134156121656121,0.34592139613060113,26,0.0010832624528405166
V2-I,3,2028,C0p03-sample0p35-cap3000,V2H-local-real,True,real_eeg,0.03,0.35,3000,0.6229748301426623,0.6288917679542679,0.3553431480260748,24,0.006954354319889555
V2-I,1,2029,C0p03-sample0p35-cap3000,V2H-local-real,True,real_eeg,0.03,0.35,3000,0.6589194719045465,0.6528915429808287,0.4257549461992364,28,0.04289899608177372
V2-I,2,2029,C0p03-sample0p35-cap3000,V2H-local-real,True,real_eeg,0.03,0.35,3000,0.5962063717532468,0.596996521996522,0.3564710510317205,26,-0.019814104069525995
V2-I,3,2029,C0p03-sample0p35-cap3000,V2H-local-real,True,real_eeg,0.03,0.35,3000,0.6743132935440627,0.6773177401302402,0.35461070826924485,24,0.05829281772128991
V2-I,1,2030,C0p03-sample0p35-cap3000,V2H-local-real,True,real_eeg,0.03,0.35,3000,0.6577442872218991,0.6531928339517625,0.42710864283234995,28,0.0417238113991264
V2-I,2,2030,C0p03-sample0p35-cap3000,V2H-local-real,True,real_eeg,0.03,0.35,3000,0.6187536075036075,0.6173322048322049,0.34545649608411116,26,0.002733131680834777
V2-I,3,2030,C0p03-sample0p35-cap3000,V2H-local-real,True,real_eeg,0.03,0.35,3000,0.6148575201022753,0.6214577783327783,0.3610195561415074,24,-0.001162955720497405
V2-I,1,2026,C0p1-sample0p35-cap3000,V2H-local-real,True,real_eeg,0.1,0.35,3000,0.6759011220951519,0.6727242020545593,0.419160013884068,28,0.0598806462723791
V2-I,2,2026,C0p1-sample0p35-cap3000,V2H-local-real,True,real_eeg,0.1,0.35,3000,0.6058917297979798,0.6046229233729233,0.3374101491256303,26,-0.010128746024792967
V2-I,3,2026,C0p1-sample0p35-cap3000,V2H-local-real,True,real_eeg,0.1,0.35,3000,0.6661673505204974,0.6657296098962765,0.36900314949095425,24,0.05014687469772461
V2-I,1,2027,C0p1-sample0p35-cap3000,V2H-local-real,True,real_eeg,0.1,0.35,3000,0.6865766406064914,0.6838256502095789,0.42693509198195073,28,0.07055616478371862
V2-I,2,2027,C0p1-sample0p35-cap3000,V2H-local-real,True,real_eeg,0.1,0.35,3000,0.5990524666305916,0.5935680985680987,0.3252512248328149,26,-0.01696800919218111
V2-I,3,2027,C0p1-sample0p35-cap3000,V2H-local-real,True,real_eeg,0.1,0.35,3000,0.6318676855390143,0.6380516397183064,0.39126931809858645,24,0.01584720971624154
V2-I,1,2028,C0p1-sample0p35-cap3000,V2H-local-real,True,real_eeg,0.1,0.35,3000,0.6951208244491827,0.6904557050092766,0.4321416174939257,28,0.07910034862640991
V2-I,2,2028,C0p1-sample0p35-cap3000,V2H-local-real,True,real_eeg,0.1,0.35,3000,0.620919237012987,0.6165990028490028,0.33283267174480563,26,0.0048987611902142625
V2-I,3,2028,C0p1-sample0p35-cap3000,V2H-local-real,True,real_eeg,0.1,0.35,3000,0.6393755137636257,0.6418152102527103,0.3627774115578994,24,0.02335503794085292
V2-I,1,2029,C0p1-sample0p35-cap3000,V2H-local-real,True,real_eeg,0.1,0.35,3000,0.6766914346018824,0.672606636088779,0.4200277681360639,28,0.06067095877910966
V2-I,2,2029,C0p1-sample0p35-cap3000,V2H-local-real,True,real_eeg,0.1,0.35,3000,0.5997071158008659,0.598564491064491,0.34788828094267427,26,-0.016313360021906864
V2-I,3,2029,C0p1-sample0p35-cap3000,V2H-local-real,True,real_eeg,0.1,0.35,3000,0.6840745307528525,0.694954385891886,0.35043580165531385,24,0.06805405493007977
V2-I,1,2030,C0p1-sample0p35-cap3000,V2H-local-real,True,real_eeg,0.1,0.35,3000,0.6890971549180503,0.6873230820105819,0.4178410274210344,28,0.0730766790952776
V2-I,2,2030,C0p1-sample0p35-cap3000,V2H-local-real,True,real_eeg,0.1,0.35,3000,0.6169814213564213,0.6153550153550152,0.3335479025855595,26,0.0009609455336485606
V2-I,3,2030,C0p1-sample0p35-cap3000,V2H-local-real,True,real_eeg,0.1,0.35,3000,0.6398688723863548,0.6431957432999099,0.35717424741814985,24,0.023848396563582064
V2-I,1,2026,C0p3-sample0p35-cap3000,V2H-local-real,True,real_eeg,0.3,0.35,3000,0.7075219142383321,0.7063942357245928,0.42037486983686223,28,0.09150143841555936
V2-I,2,2026,C0p3-sample0p35-cap3000,V2H-local-real,True,real_eeg,0.3,0.35,3000,0.6068454635642136,0.605826812076812,0.3278618174015664,26,-0.009175012258559101
V2-I,3,2026,C0p3-sample0p35-cap3000,V2H-local-real,True,real_eeg,0.3,0.35,3000,0.6761234297947585,0.6767448716407051,0.3738372518860324,24,0.06010295397198573
V2-I,1,2027,C0p3-sample0p35-cap3000,V2H-local-real,True,real_eeg,0.3,0.35,3000,0.7307001787598801,0.7307081658420944,0.43134328358208956,28,0.11467970293710739
V2-I,2,2027,C0p3-sample0p35-cap3000,V2H-local-real,True,real_eeg,0.3,0.35,3000,0.6050869182900434,0.6018482443482444,0.3207452705360655,26,-0.010933557532729399
V2-I,3,2027,C0p3-sample0p35-cap3000,V2H-local-real,True,real_eeg,0.3,0.35,3000,0.6521389934851474,0.6566173178673179,0.4002417051197539,24,0.036118517662374616
V2-I,1,2028,C0p3-sample0p35-cap3000,V2H-local-real,True,real_eeg,0.3,0.35,3000,0.7242681613577137,0.7235508572115714,0.4349531412703922,28,0.10824768553494091
V2-I,2,2028,C0p3-sample0p35-cap3000,V2H-local-real,True,real_eeg,0.3,0.35,3000,0.630915404040404,0.6295780608280608,0.32957837141937557,26,0.014894928217631276
V2-I,3,2028,C0p3-sample0p35-cap3000,V2H-local-real,True,real_eeg,0.3,0.35,3000,0.6634221256598879,0.6647462799546133,0.3606533362630923,24,0.047401649837115145
V2-I,1,2029,C0p3-sample0p35-cap3000,V2H-local-real,True,real_eeg,0.3,0.35,3000,0.7199800779651525,0.7194634697313268,0.42412356820548425,28,0.10395960214237976
V2-I,2,2029,C0p3-sample0p35-cap3000,V2H-local-real,True,real_eeg,0.3,0.35,3000,0.6088724296536796,0.6081111943611943,0.3471730501019204,26,-0.007148046169093147
V2-I,3,2029,C0p3-sample0p35-cap3000,V2H-local-real,True,real_eeg,0.3,0.35,3000,0.6886174625685115,0.6900620598537266,0.3606167142752509,24,0.07259698674573878
V2-I,1,2030,C0p3-sample0p35-cap3000,V2H-local-real,True,real_eeg,0.3,0.35,3000,0.7303007688828583,0.7327201006665292,0.4191947240541478,28,0.11428029306008558
V2-I,2,2030,C0p3-sample0p35-cap3000,V2H-local-real,True,real_eeg,0.3,0.35,3000,0.6166688086219336,0.61753108003108,0.335228695061331,26,0.0006483327991608778
V2-I,3,2030,C0p3-sample0p35-cap3000,V2H-local-real,True,real_eeg,0.3,0.35,3000,0.6573194288229254,0.6600025745859079,0.35838277301691934,24,0.04129895300015263
V2-I,1,2026,C0p1-sample0p6-cap3000,V2H-local-real,True,real_eeg,0.1,0.6,3000,0.6939339019189766,0.6917442065209923,0.4134328358208955,28,0.07791342609620389
V2-I,2,2026,C0p1-sample0p6-cap3000,V2H-local-real,True,real_eeg,0.1,0.6,3000,0.6058917297979798,0.6046229233729233,0.3374101491256303,26,-0.010128746024792967
V2-I,3,2026,C0p1-sample0p6-cap3000,V2H-local-real,True,real_eeg,0.1,0.6,3000,0.6661673505204974,0.6657296098962765,0.36900314949095425,24,0.05014687469772461
V2-I,1,2027,C0p1-sample0p6-cap3000,V2H-local-real,True,real_eeg,0.1,0.6,3000,0.7057273158019426,0.7044523036487323,0.41738979520999653,28,0.08970683997916984
V2-I,2,2027,C0p1-sample0p6-cap3000,V2H-local-real,True,real_eeg,0.1,0.6,3000,0.5990524666305916,0.5935680985680987,0.3252512248328149,26,-0.01696800919218111
V2-I,3,2027,C0p1-sample0p6-cap3000,V2H-local-real,True,real_eeg,0.1,0.6,3000,0.6318676855390143,0.6380516397183064,0.39126931809858645,24,0.01584720971624154
V2-I,1,2028,C0p1-sample0p6-cap3000,V2H-local-real,True,real_eeg,0.1,0.6,3000,0.6800687040985549,0.672983104858105,0.4162096494272822,28,0.06404822827578216
V2-I,2,2028,C0p1-sample0p6-cap3000,V2H-local-real,True,real_eeg,0.1,0.6,3000,0.620919237012987,0.6165990028490028,0.33283267174480563,26,0.0048987611902142625
V2-I,3,2028,C0p1-sample0p6-cap3000,V2H-local-real,True,real_eeg,0.1,0.6,3000,0.6393755137636257,0.6418152102527103,0.3627774115578994,24,0.02335503794085292
V2-I,1,2029,C0p1-sample0p6-cap3000,V2H-local-real,True,real_eeg,0.1,0.6,3000,0.682756671189507,0.6777249965642824,0.43512669212079136,28,0.06673619536673425
V2-I,2,2029,C0p1-sample0p6-cap3000,V2H-local-real,True,real_eeg,0.1,0.6,3000,0.5997071158008659,0.598564491064491,0.34788828094267427,26,-0.016313360021906864
V2-I,3,2029,C0p1-sample0p6-cap3000,V2H-local-real,True,real_eeg,0.1,0.6,3000,0.6840745307528525,0.694954385891886,0.35043580165531385,24,0.06805405493007977
V2-I,1,2030,C0p1-sample0p6-cap3000,V2H-local-real,True,real_eeg,0.1,0.6,3000,0.6808280028429282,0.6774573112073113,0.4202360291565429,28,0.06480752702015546
V2-I,2,2030,C0p1-sample0p6-cap3000,V2H-local-real,True,real_eeg,0.1,0.6,3000,0.6169814213564213,0.6153550153550152,0.3335479025855595,26,0.0009609455336485606
V2-I,3,2030,C0p1-sample0p6-cap3000,V2H-local-real,True,real_eeg,0.1,0.6,3000,0.6398688723863548,0.6431957432999099,0.35717424741814985,24,0.023848396563582064
V2-I,1,2026,C0p3-sample0p35-cap3000,V2H-local-H2_E0,False,H2_E0_non_eeg,0.3,0.35,3000,0.6317654153475049,0.629453398783756,0.40371398819854215,28,0.015744939524732104
V2-I,1,2026,C0p3-sample0p35-cap3000,V2H-local-zero,False,zero_eeg_control,0.3,0.35,3000,0.6086026577071354,0.6069565553494124,0.41634849010760144,28,-0.0074178181156373535
V2-I,1,2026,C0p3-sample0p35-cap3000,V2H-local-shuffle,False,shuffle_eeg_control,0.3,0.35,3000,0.639688031702957,0.6361615946883805,0.4082610204790003,28,0.02366755588018421
V2-I,2,2026,C0p3-sample0p35-cap3000,V2H-local-H2_E0,False,H2_E0_non_eeg,0.3,0.35,3000,0.5600306637806638,0.5574303011803011,0.39126703143439545,26,-0.055989812042108955
V2-I,2,2026,C0p3-sample0p35-cap3000,V2H-local-zero,False,zero_eeg_control,0.3,0.35,3000,0.5578216314935065,0.5545817608317608,0.3750670528913207,26,-0.05819884432926625
V2-I,2,2026,C0p3-sample0p35-cap3000,V2H-local-shuffle,False,shuffle_eeg_control,0.3,0.35,3000,0.6169147952741703,0.6142728105228106,0.3293280406251118,26,0.0008943194513975072
V2-I,3,2026,C0p3-sample0p35-cap3000,V2H-local-H2_E0,False,H2_E0_non_eeg,0.3,0.35,3000,0.6229670775999447,0.6338842099258765,0.3323811616494543,24,0.00694660177717199
V2-I,3,2026,C0p3-sample0p35-cap3000,V2H-local-zero,False,zero_eeg_control,0.3,0.35,3000,0.5790397636551483,0.5991028184778185,0.33384604116311434,24,-0.03698071216762444
V2-I,3,2026,C0p3-sample0p35-cap3000,V2H-local-shuffle,False,shuffle_eeg_control,0.3,0.35,3000,0.6137238150350038,0.62022362668196,0.36116604409287334,24,-0.0022966607877689116
V2-I,1,2027,C0p3-sample0p35-cap3000,V2H-local-H2_E0,False,H2_E0_non_eeg,0.3,0.35,3000,0.6287520191251535,0.6290095255273828,0.4165914612981603,28,0.012731543302380799
V2-I,1,2027,C0p3-sample0p35-cap3000,V2H-local-zero,False,zero_eeg_control,0.3,0.35,3000,0.6017191100773189,0.5971356421356422,0.4208608122179799,28,-0.01430136574545382
V2-I,1,2027,C0p3-sample0p35-cap3000,V2H-local-shuffle,False,shuffle_eeg_control,0.3,0.35,3000,0.6534999246193276,0.6545109900020615,0.410621312044429,28,0.03747944879655485
V2-I,2,2027,C0p3-sample0p35-cap3000,V2H-local-H2_E0,False,H2_E0_non_eeg,0.3,0.35,3000,0.5619627074314575,0.5573845136345137,0.37385116046203914,26,-0.054057768391315264
V2-I,2,2027,C0p3-sample0p35-cap3000,V2H-local-zero,False,zero_eeg_control,0.3,0.35,3000,0.5456742649711399,0.5423611111111112,0.3790008225154669,26,-0.07034621085163284
V2-I,2,2027,C0p3-sample0p35-cap3000,V2H-local-shuffle,False,shuffle_eeg_control,0.3,0.35,3000,0.6074147727272727,0.6029717504717503,0.32671744805636016,26,-0.008605703095500017
V2-I,3,2027,C0p3-sample0p35-cap3000,V2H-local-H2_E0,False,H2_E0_non_eeg,0.3,0.35,3000,0.5697918534456996,0.5785452703161037,0.3003369222881418,24,-0.04622862237707315
V2-I,3,2027,C0p3-sample0p35-cap3000,V2H-local-zero,False,zero_eeg_control,0.3,0.35,3000,0.5700384890944332,0.5882483141858142,0.32871896286530433,24,-0.04598198672833953
V2-I,3,2027,C0p3-sample0p35-cap3000,V2H-local-shuffle,False,shuffle_eeg_control,0.3,0.35,3000,0.6329298615137775,0.6422608641358641,0.34153665860982935,24,0.016909385691004752
V2-I,1,2028,C0p3-sample0p35-cap3000,V2H-local-H2_E0,False,H2_E0_non_eeg,0.3,0.35,3000,0.6202788008011889,0.6194836330997047,0.40527594585213467,28,0.004258324978416161
V2-I,1,2028,C0p3-sample0p35-cap3000,V2H-local-zero,False,zero_eeg_control,0.3,0.35,3000,0.6328600503973638,0.635147091664949,0.4149947934744881,28,0.016839574574591065
V2-I,1,2028,C0p3-sample0p35-cap3000,V2H-local-shuffle,False,shuffle_eeg_control,0.3,0.35,3000,0.6351250242295019,0.630419479660551,0.40111072544255466,28,0.01910454840672915
V2-I,2,2028,C0p3-sample0p35-cap3000,V2H-local-H2_E0,False,H2_E0_non_eeg,0.3,0.35,3000,0.5457912833694083,0.5414405039405039,0.38790544648285236,26,-0.07022919245336445
V2-I,2,2028,C0p3-sample0p35-cap3000,V2H-local-zero,False,zero_eeg_control,0.3,0.35,3000,0.551042794011544,0.5440700503200503,0.37928691485176846,26,-0.06497768181122876
V2-I,2,2028,C0p3-sample0p35-cap3000,V2H-local-shuffle,False,shuffle_eeg_control,0.3,0.35,3000,0.6267774846681096,0.6221640396640397,0.3267889711404356,26,0.010757008845336813
V2-I,3,2028,C0p3-sample0p35-cap3000,V2H-local-H2_E0,False,H2_E0_non_eeg,0.3,0.35,3000,0.5646544015425135,0.5834967578717579,0.35127810737566834,24,-0.0513660742802593
V2-I,3,2028,C0p3-sample0p35-cap3000,V2H-local-zero,False,zero_eeg_control,0.3,0.35,3000,0.5779798387315869,0.5995829671871339,0.3248004101662638,24,-0.03804063709118588
V2-I,3,2028,C0p3-sample0p35-cap3000,V2H-local-shuffle,False,shuffle_eeg_control,0.3,0.35,3000,0.6220236736845128,0.6302661381828049,0.35523328206255034,24,0.006003197861740084
V2-I,1,2029,C0p3-sample0p35-cap3000,V2H-local-H2_E0,False,H2_E0_non_eeg,0.3,0.35,3000,0.5975672503284444,0.5910669621383907,0.42391530718500514,28,-0.018453225494328374
V2-I,1,2029,C0p3-sample0p35-cap3000,V2H-local-zero,False,zero_eeg_control,0.3,0.35,3000,0.6298461157416382,0.6330035473785474,0.4111766747657063,28,0.013825639918865429
V2-I,1,2029,C0p3-sample0p35-cap3000,V2H-local-shuffle,False,shuffle_eeg_control,0.3,0.35,3000,0.6413118390730331,0.6409292542774685,0.4238805970149254,28,0.02529136325026038
V2-I,2,2029,C0p3-sample0p35-cap3000,V2H-local-H2_E0,False,H2_E0_non_eeg,0.3,0.35,3000,0.5387205762987013,0.5356453731453731,0.3747451990129814,26,-0.07729989952407146
V2-I,2,2029,C0p3-sample0p35-cap3000,V2H-local-zero,False,zero_eeg_control,0.3,0.35,3000,0.5504902822871574,0.5461797461797461,0.37252798340664456,26,-0.0655301935356154
V2-I,2,2029,C0p3-sample0p35-cap3000,V2H-local-shuffle,False,shuffle_eeg_control,0.3,0.35,3000,0.6414720869408369,0.6385627798127799,0.33118764081107177,26,0.025451611118064155
V2-I,3,2029,C0p3-sample0p35-cap3000,V2H-local-H2_E0,False,H2_E0_non_eeg,0.3,0.35,3000,0.594208268421555,0.6107434694934696,0.34622427305354136,24,-0.021812207401217698
V2-I,3,2029,C0p3-sample0p35-cap3000,V2H-local-zero,False,zero_eeg_control,0.3,0.35,3000,0.5391528925619834,0.557341019320186,0.32494689811762983,24,-0.07686758326078935
V2-I,3,2029,C0p3-sample0p35-cap3000,V2H-local-shuffle,False,shuffle_eeg_control,0.3,0.35,3000,0.637013607992629,0.647729812625646,0.3553431480260748,24,0.02099313216985621
V2-I,1,2030,C0p3-sample0p35-cap3000,V2H-local-H2_E0,False,H2_E0_non_eeg,0.3,0.35,3000,0.621067821067821,0.618623415275201,0.4186393613328706,28,0.00504734524504824
V2-I,1,2030,C0p3-sample0p35-cap3000,V2H-local-zero,False,zero_eeg_control,0.3,0.35,3000,0.6311506321207814,0.6303394059644061,0.4261020479000347,28,0.015130156298008623
V2-I,1,2030,C0p3-sample0p35-cap3000,V2H-local-shuffle,False,shuffle_eeg_control,0.3,0.35,3000,0.6266294070771683,0.6260395193430908,0.40836515098923987,28,0.010608931254395548
V2-I,2,2030,C0p3-sample0p35-cap3000,V2H-local-H2_E0,False,H2_E0_non_eeg,0.3,0.35,3000,0.547056727994228,0.5423197173197173,0.37453062976075524,26,-0.06896374782854475
V2-I,2,2030,C0p3-sample0p35-cap3000,V2H-local-zero,False,zero_eeg_control,0.3,0.35,3000,0.5607620851370851,0.5551885614385614,0.37077566784679755,26,-0.05525839068568761
V2-I,2,2030,C0p3-sample0p35-cap3000,V2H-local-shuffle,False,shuffle_eeg_control,0.3,0.35,3000,0.6189995941558442,0.6158122895622895,0.32128169366663095,26,0.0029791183330714066
V2-I,3,2030,C0p3-sample0p35-cap3000,V2H-local-H2_E0,False,H2_E0_non_eeg,0.3,0.35,3000,0.6029982061450592,0.6210285470702138,0.2995678605434703,24,-0.013022269677713583
V2-I,3,2030,C0p3-sample0p35-cap3000,V2H-local-zero,False,zero_eeg_control,0.3,0.35,3000,0.5697976945354568,0.5864697146988814,0.35585585585585583,24,-0.04622278128731594
V2-I,3,2030,C0p3-sample0p35-cap3000,V2H-local-shuffle,False,shuffle_eeg_control,0.3,0.35,3000,0.6152388792248933,0.6223039653247987,0.3442466857101003,24,-0.0007815965978794637
