experiment_id,model,seed,split_version,feature_set,params,best_epoch,dev_gauc,dev_macro_auc,dev_auc,dev_logloss,dev_brier,dev_ece,checkpoint,prediction_file,elapsed_seconds
B_global-rate_rollv2_s0,global-rate,0,protocol_a_rollv2_train_dev,global-rate,1,,0.5,0.5,0.5,0.6200325395703137,0.21433452979083778,0.009171899806854067,,D:\TsingHuaEEGRec\Github\log\v2\stage_b\B_global-rate_rollv2_s0\predictions.csv,0.0019948482513427734
B_global-rate_rollv2_s1,global-rate,1,protocol_a_rollv2_train_dev,global-rate,1,,0.5,0.5,0.5,0.6200325395703137,0.21433452979083778,0.009171899806854067,,D:\TsingHuaEEGRec\Github\log\v2\stage_b\B_global-rate_rollv2_s1\predictions.csv,0.0007426738739013672
B_global-rate_rollv2_s2,global-rate,2,protocol_a_rollv2_train_dev,global-rate,1,,0.5,0.5,0.5,0.6200325395703137,0.21433452979083778,0.009171899806854067,,D:\TsingHuaEEGRec\Github\log\v2\stage_b\B_global-rate_rollv2_s2\predictions.csv,0.001995086669921875
B_global-rate_rollv2_s3,global-rate,3,protocol_a_rollv2_train_dev,global-rate,1,,0.5,0.5,0.5,0.6200325395703137,0.21433452979083778,0.009171899806854067,,D:\TsingHuaEEGRec\Github\log\v2\stage_b\B_global-rate_rollv2_s3\predictions.csv,0.002992391586303711
B_global-rate_rollv2_s4,global-rate,4,protocol_a_rollv2_train_dev,global-rate,1,,0.5,0.5,0.5,0.6200325395703137,0.21433452979083778,0.009171899806854067,,D:\TsingHuaEEGRec\Github\log\v2\stage_b\B_global-rate_rollv2_s4\predictions.csv,0.0015666484832763672
B_user-rate_rollv2_s0,user-rate,0,protocol_a_rollv2_train_dev,user-rate,31,,0.5,0.5,0.7118581996630777,0.560387570192592,0.1888287248424762,0.05132440770051509,,D:\TsingHuaEEGRec\Github\log\v2\stage_b\B_user-rate_rollv2_s0\predictions.csv,0.005984306335449219
B_user-rate_rollv2_s1,user-rate,1,protocol_a_rollv2_train_dev,user-rate,31,,0.5,0.5,0.7118581996630777,0.560387570192592,0.1888287248424762,0.05132440770051509,,D:\TsingHuaEEGRec\Github\log\v2\stage_b\B_user-rate_rollv2_s1\predictions.csv,0.00434422492980957
B_user-rate_rollv2_s2,user-rate,2,protocol_a_rollv2_train_dev,user-rate,31,,0.5,0.5,0.7118581996630777,0.560387570192592,0.1888287248424762,0.05132440770051509,,D:\TsingHuaEEGRec\Github\log\v2\stage_b\B_user-rate_rollv2_s2\predictions.csv,0.005527019500732422
B_user-rate_rollv2_s3,user-rate,3,protocol_a_rollv2_train_dev,user-rate,31,,0.5,0.5,0.7118581996630777,0.560387570192592,0.1888287248424762,0.05132440770051509,,D:\TsingHuaEEGRec\Github\log\v2\stage_b\B_user-rate_rollv2_s3\predictions.csv,0.003989696502685547
B_user-rate_rollv2_s4,user-rate,4,protocol_a_rollv2_train_dev,user-rate,31,,0.5,0.5,0.7118581996630777,0.560387570192592,0.1888287248424762,0.05132440770051509,,D:\TsingHuaEEGRec\Github\log\v2\stage_b\B_user-rate_rollv2_s4\predictions.csv,0.004987478256225586
B_user-bias_rollv2_s0,user-bias,0,protocol_a_rollv2_train_dev,user-bias,31,,0.5,0.5,0.7137259210429941,0.5598711114800243,0.1886991170093854,0.051469528334777935,,D:\TsingHuaEEGRec\Github\log\v2\stage_b\B_user-bias_rollv2_s0\predictions.csv,0.031122446060180664
B_user-bias_rollv2_s1,user-bias,1,protocol_a_rollv2_train_dev,user-bias,31,,0.5,0.5,0.7137259210429941,0.5598711114800243,0.1886991170093854,0.051469528334777935,,D:\TsingHuaEEGRec\Github\log\v2\stage_b\B_user-bias_rollv2_s1\predictions.csv,0.02892303466796875
B_user-bias_rollv2_s2,user-bias,2,protocol_a_rollv2_train_dev,user-bias,31,,0.5,0.5,0.7137259210429941,0.5598711114800243,0.1886991170093854,0.051469528334777935,,D:\TsingHuaEEGRec\Github\log\v2\stage_b\B_user-bias_rollv2_s2\predictions.csv,0.026003122329711914
B_user-bias_rollv2_s3,user-bias,3,protocol_a_rollv2_train_dev,user-bias,31,,0.5,0.5,0.7137259210429941,0.5598711114800243,0.1886991170093854,0.051469528334777935,,D:\TsingHuaEEGRec\Github\log\v2\stage_b\B_user-bias_rollv2_s3\predictions.csv,0.024442672729492188
B_user-bias_rollv2_s4,user-bias,4,protocol_a_rollv2_train_dev,user-bias,31,,0.5,0.5,0.7137259210429941,0.5598711114800243,0.1886991170093854,0.051469528334777935,,D:\TsingHuaEEGRec\Github\log\v2\stage_b\B_user-bias_rollv2_s4\predictions.csv,0.02444314956665039
B_user-context-bias_rollv2_s0,user-context-bias,0,protocol_a_rollv2_train_dev,user-context-bias,38,,0.5095279720279721,0.5085069444444444,0.7414670768329304,0.548922561534207,0.18390300174606206,0.07130175768014706,,D:\TsingHuaEEGRec\Github\log\v2\stage_b\B_user-context-bias_rollv2_s0\predictions.csv,0.03690004348754883
B_user-context-bias_rollv2_s1,user-context-bias,1,protocol_a_rollv2_train_dev,user-context-bias,38,,0.5095279720279721,0.5085069444444444,0.7414670768329304,0.548922561534207,0.18390300174606206,0.07130175768014706,,D:\TsingHuaEEGRec\Github\log\v2\stage_b\B_user-context-bias_rollv2_s1\predictions.csv,0.03570914268493652
B_user-context-bias_rollv2_s2,user-context-bias,2,protocol_a_rollv2_train_dev,user-context-bias,38,,0.5095279720279721,0.5085069444444444,0.7414670768329304,0.548922561534207,0.18390300174606206,0.07130175768014706,,D:\TsingHuaEEGRec\Github\log\v2\stage_b\B_user-context-bias_rollv2_s2\predictions.csv,0.045859336853027344
B_user-context-bias_rollv2_s3,user-context-bias,3,protocol_a_rollv2_train_dev,user-context-bias,38,,0.5095279720279721,0.5085069444444444,0.7414670768329304,0.548922561534207,0.18390300174606206,0.07130175768014706,,D:\TsingHuaEEGRec\Github\log\v2\stage_b\B_user-context-bias_rollv2_s3\predictions.csv,0.04868674278259277
B_user-context-bias_rollv2_s4,user-context-bias,4,protocol_a_rollv2_train_dev,user-context-bias,38,,0.5095279720279721,0.5085069444444444,0.7414670768329304,0.548922561534207,0.18390300174606206,0.07130175768014706,,D:\TsingHuaEEGRec\Github\log\v2\stage_b\B_user-context-bias_rollv2_s4\predictions.csv,0.034503936767578125
B_LR-user-only_rollv2_s0,LR-user-only,0,protocol_a_rollv2_train_dev,LR-user-only,35,,0.5,0.5,0.7291803999121073,0.5591494697835853,0.18844979627719483,0.04489986778111019,,D:\TsingHuaEEGRec\Github\log\v2\stage_b\B_LR-user-only_rollv2_s0\predictions.csv,0.020943164825439453
B_LR-user-only_rollv2_s1,LR-user-only,1,protocol_a_rollv2_train_dev,LR-user-only,35,,0.5,0.5,0.7291803999121073,0.5591494697835853,0.18844979627719483,0.04489986778111019,,D:\TsingHuaEEGRec\Github\log\v2\stage_b\B_LR-user-only_rollv2_s1\predictions.csv,0.019947528839111328
B_LR-user-only_rollv2_s2,LR-user-only,2,protocol_a_rollv2_train_dev,LR-user-only,35,,0.5,0.5,0.7291803999121073,0.5591494697835853,0.18844979627719483,0.04489986778111019,,D:\TsingHuaEEGRec\Github\log\v2\stage_b\B_LR-user-only_rollv2_s2\predictions.csv,0.01897120475769043
B_LR-user-only_rollv2_s3,LR-user-only,3,protocol_a_rollv2_train_dev,LR-user-only,35,,0.5,0.5,0.7291803999121073,0.5591494697835853,0.18844979627719483,0.04489986778111019,,D:\TsingHuaEEGRec\Github\log\v2\stage_b\B_LR-user-only_rollv2_s3\predictions.csv,0.019946575164794922
B_LR-user-only_rollv2_s4,LR-user-only,4,protocol_a_rollv2_train_dev,LR-user-only,35,,0.5,0.5,0.7291803999121073,0.5591494697835853,0.18844979627719483,0.04489986778111019,,D:\TsingHuaEEGRec\Github\log\v2\stage_b\B_LR-user-only_rollv2_s4\predictions.csv,0.014960289001464844
B_LR-content-only_rollv2_s0,LR-content-only,0,protocol_a_rollv2_train_dev,LR-content-only,18,,0.5853747553922379,0.6027873438290104,0.5792133597011646,0.6534667520515818,0.21240025272744412,0.02238152898981335,,D:\TsingHuaEEGRec\Github\log\v2\stage_b\B_LR-content-only_rollv2_s0\predictions.csv,0.01695728302001953
B_LR-content-only_rollv2_s1,LR-content-only,1,protocol_a_rollv2_train_dev,LR-content-only,18,,0.5853747553922379,0.6027873438290104,0.5792133597011646,0.6534667520515818,0.21240025272744412,0.02238152898981335,,D:\TsingHuaEEGRec\Github\log\v2\stage_b\B_LR-content-only_rollv2_s1\predictions.csv,0.022942066192626953
B_LR-content-only_rollv2_s2,LR-content-only,2,protocol_a_rollv2_train_dev,LR-content-only,18,,0.5853747553922379,0.6027873438290104,0.5792133597011646,0.6534667520515818,0.21240025272744412,0.02238152898981335,,D:\TsingHuaEEGRec\Github\log\v2\stage_b\B_LR-content-only_rollv2_s2\predictions.csv,0.02047109603881836
B_LR-content-only_rollv2_s3,LR-content-only,3,protocol_a_rollv2_train_dev,LR-content-only,18,,0.5853747553922379,0.6027873438290104,0.5792133597011646,0.6534667520515818,0.21240025272744412,0.02238152898981335,,D:\TsingHuaEEGRec\Github\log\v2\stage_b\B_LR-content-only_rollv2_s3\predictions.csv,0.01949024200439453
B_LR-content-only_rollv2_s4,LR-content-only,4,protocol_a_rollv2_train_dev,LR-content-only,18,,0.5853747553922379,0.6027873438290104,0.5792133597011646,0.6534667520515818,0.21240025272744412,0.02238152898981335,,D:\TsingHuaEEGRec\Github\log\v2\stage_b\B_LR-content-only_rollv2_s4\predictions.csv,0.024929523468017578
B_LR-history-only_rollv2_s0,LR-history-only,0,protocol_a_rollv2_train_dev,LR-history-only,14,,0.29060447128628947,0.3035350028058361,0.7464293561854538,0.5485335658720536,0.18363438345274474,0.08647444660949999,,D:\TsingHuaEEGRec\Github\log\v2\stage_b\B_LR-history-only_rollv2_s0\predictions.csv,0.020944595336914062
B_LR-history-only_rollv2_s1,LR-history-only,1,protocol_a_rollv2_train_dev,LR-history-only,14,,0.29060447128628947,0.3035350028058361,0.7464293561854538,0.5485335658720536,0.18363438345274474,0.08647444660949999,,D:\TsingHuaEEGRec\Github\log\v2\stage_b\B_LR-history-only_rollv2_s1\predictions.csv,0.019946575164794922
B_LR-history-only_rollv2_s2,LR-history-only,2,protocol_a_rollv2_train_dev,LR-history-only,14,,0.29060447128628947,0.3035350028058361,0.7464293561854538,0.5485335658720536,0.18363438345274474,0.08647444660949999,,D:\TsingHuaEEGRec\Github\log\v2\stage_b\B_LR-history-only_rollv2_s2\predictions.csv,0.014960527420043945
B_LR-history-only_rollv2_s3,LR-history-only,3,protocol_a_rollv2_train_dev,LR-history-only,14,,0.29060447128628947,0.3035350028058361,0.7464293561854538,0.5485335658720536,0.18363438345274474,0.08647444660949999,,D:\TsingHuaEEGRec\Github\log\v2\stage_b\B_LR-history-only_rollv2_s3\predictions.csv,0.012738943099975586
B_LR-history-only_rollv2_s4,LR-history-only,4,protocol_a_rollv2_train_dev,LR-history-only,14,,0.29060447128628947,0.3035350028058361,0.7464293561854538,0.5485335658720536,0.18363438345274474,0.08647444660949999,,D:\TsingHuaEEGRec\Github\log\v2\stage_b\B_LR-history-only_rollv2_s4\predictions.csv,0.02113819122314453
B_LR-all_rollv2_s0,LR-all,0,protocol_a_rollv2_train_dev,LR-all,80,,0.48096620745222146,0.5005171487463155,0.7625430308357137,0.5765424732911444,0.18007308699612287,0.054256142462222316,,D:\TsingHuaEEGRec\Github\log\v2\stage_b\B_LR-all_rollv2_s0\predictions.csv,0.04787158966064453
B_LR-all_rollv2_s1,LR-all,1,protocol_a_rollv2_train_dev,LR-all,80,,0.48096620745222146,0.5005171487463155,0.7625430308357137,0.5765424732911444,0.18007308699612287,0.054256142462222316,,D:\TsingHuaEEGRec\Github\log\v2\stage_b\B_LR-all_rollv2_s1\predictions.csv,0.04488110542297363
B_LR-all_rollv2_s2,LR-all,2,protocol_a_rollv2_train_dev,LR-all,80,,0.48096620745222146,0.5005171487463155,0.7625430308357137,0.5765424732911444,0.18007308699612287,0.054256142462222316,,D:\TsingHuaEEGRec\Github\log\v2\stage_b\B_LR-all_rollv2_s2\predictions.csv,0.05585122108459473
B_LR-all_rollv2_s3,LR-all,3,protocol_a_rollv2_train_dev,LR-all,80,,0.48096620745222146,0.5005171487463155,0.7625430308357137,0.5765424732911444,0.18007308699612287,0.054256142462222316,,D:\TsingHuaEEGRec\Github\log\v2\stage_b\B_LR-all_rollv2_s3\predictions.csv,0.0569305419921875
B_LR-all_rollv2_s4,LR-all,4,protocol_a_rollv2_train_dev,LR-all,80,,0.48096620745222146,0.5005171487463155,0.7625430308357137,0.5765424732911444,0.18007308699612287,0.054256142462222316,,D:\TsingHuaEEGRec\Github\log\v2\stage_b\B_LR-all_rollv2_s4\predictions.csv,0.05485343933105469
B_HistGBDT_rollv2_s0,HistGBDT,0,protocol_a_rollv2_train_dev,HistGBDT,1890,,0.5628197268931534,0.5842604155104155,0.7596132718083938,0.5356436645580165,0.18033568286082124,0.05662250231343546,,D:\TsingHuaEEGRec\Github\log\v2\stage_b\B_HistGBDT_rollv2_s0\predictions.csv,2.283271312713623
B_HistGBDT_rollv2_s1,HistGBDT,1,protocol_a_rollv2_train_dev,HistGBDT,1890,,0.5628197268931534,0.5842604155104155,0.7596132718083938,0.5356436645580165,0.18033568286082124,0.05662250231343546,,D:\TsingHuaEEGRec\Github\log\v2\stage_b\B_HistGBDT_rollv2_s1\predictions.csv,1.128976821899414
B_HistGBDT_rollv2_s2,HistGBDT,2,protocol_a_rollv2_train_dev,HistGBDT,1890,,0.5628197268931534,0.5842604155104155,0.7596132718083938,0.5356436645580165,0.18033568286082124,0.05662250231343546,,D:\TsingHuaEEGRec\Github\log\v2\stage_b\B_HistGBDT_rollv2_s2\predictions.csv,1.8469853401184082
B_HistGBDT_rollv2_s3,HistGBDT,3,protocol_a_rollv2_train_dev,HistGBDT,1890,,0.5628197268931534,0.5842604155104155,0.7596132718083938,0.5356436645580165,0.18033568286082124,0.05662250231343546,,D:\TsingHuaEEGRec\Github\log\v2\stage_b\B_HistGBDT_rollv2_s3\predictions.csv,0.8460667133331299
B_HistGBDT_rollv2_s4,HistGBDT,4,protocol_a_rollv2_train_dev,HistGBDT,1890,,0.5628197268931534,0.5842604155104155,0.7596132718083938,0.5356436645580165,0.18033568286082124,0.05662250231343546,,D:\TsingHuaEEGRec\Github\log\v2\stage_b\B_HistGBDT_rollv2_s4\predictions.csv,0.8399653434753418
B_FM_rollv2_s0,FM,0,protocol_a_rollv2_train_dev,FM,712,33,0.5442972528636864,0.5663115934990935,0.7285212041309601,0.6591885512108375,0.2024795525530447,0.09569473810551561,,D:\TsingHuaEEGRec\Github\log\v2\stage_b\B_FM_rollv2_s0\predictions.csv,5.4698803424835205
B_FM_rollv2_s1,FM,1,protocol_a_rollv2_train_dev,FM,712,18,0.539630998372257,0.5543184092142425,0.7482604555775287,0.6013159816527924,0.18724105322555523,0.06196316734856935,,D:\TsingHuaEEGRec\Github\log\v2\stage_b\B_FM_rollv2_s1\predictions.csv,2.9800922870635986
B_FM_rollv2_s2,FM,2,protocol_a_rollv2_train_dev,FM,712,11,0.5096960440491909,0.5267448215364882,0.7559510730242438,0.5937158794860089,0.1853032396291102,0.0770401975224129,,D:\TsingHuaEEGRec\Github\log\v2\stage_b\B_FM_rollv2_s2\predictions.csv,2.3149168491363525
B_FM_rollv2_s3,FM,3,protocol_a_rollv2_train_dev,FM,712,25,0.5461898435674659,0.561754025295692,0.7443785248663297,0.5930513846364259,0.193947450823369,0.07203890370082097,,D:\TsingHuaEEGRec\Github\log\v2\stage_b\B_FM_rollv2_s3\predictions.csv,3.5291075706481934
B_FM_rollv2_s4,FM,4,protocol_a_rollv2_train_dev,FM,712,54,0.5516759852424188,0.5701271799188466,0.7282648502160697,0.6664437272824272,0.199218434698641,0.10636840258538552,,D:\TsingHuaEEGRec\Github\log\v2\stage_b\B_FM_rollv2_s4\predictions.csv,7.509538650512695
B_DeepFM_rollv2_s0,DeepFM,0,protocol_a_rollv2_train_dev,DeepFM,3817,12,0.5474608433524518,0.5679178730220397,0.7460631363070388,0.6196189101286652,0.19429379435844946,0.08606051000034916,,D:\TsingHuaEEGRec\Github\log\v2\stage_b\B_DeepFM_rollv2_s0\predictions.csv,3.3181755542755127
B_DeepFM_rollv2_s1,DeepFM,1,protocol_a_rollv2_train_dev,DeepFM,3817,21,0.5668397356334419,0.5874495103661771,0.7503845308723358,0.6236653583343488,0.19189159405193423,0.09627136726625105,,D:\TsingHuaEEGRec\Github\log\v2\stage_b\B_DeepFM_rollv2_s1\predictions.csv,4.339851140975952
B_DeepFM_rollv2_s2,DeepFM,2,protocol_a_rollv2_train_dev,DeepFM,3817,46,0.5879041898272668,0.6108626712793379,0.7260309089577383,0.684010519442319,0.2091133847687295,0.1262598917925672,,D:\TsingHuaEEGRec\Github\log\v2\stage_b\B_DeepFM_rollv2_s2\predictions.csv,7.068261384963989
B_DeepFM_rollv2_s3,DeepFM,3,protocol_a_rollv2_train_dev,DeepFM,3817,12,0.5513735487511712,0.5653491531616531,0.7502014209331282,0.5749299638680945,0.18943371926852384,0.06480398723276475,,D:\TsingHuaEEGRec\Github\log\v2\stage_b\B_DeepFM_rollv2_s3\predictions.csv,2.9510908126831055
B_DeepFM_rollv2_s4,DeepFM,4,protocol_a_rollv2_train_dev,DeepFM,3817,40,0.5784223837545516,0.5954000089416757,0.7222222222222222,0.682702554510833,0.20916623577358182,0.11552863925380166,,D:\TsingHuaEEGRec\Github\log\v2\stage_b\B_DeepFM_rollv2_s4\predictions.csv,6.440386056900024
B_DCNv2_rollv2_s0,DCNv2,0,protocol_a_rollv2_train_dev,DCNv2,3500,38,0.5751101365611855,0.5856826506826507,0.7340511242950267,0.6587658147197293,0.20050240606680209,0.10683969261094739,,D:\TsingHuaEEGRec\Github\log\v2\stage_b\B_DCNv2_rollv2_s0\predictions.csv,6.710090398788452
B_DCNv2_rollv2_s1,DCNv2,1,protocol_a_rollv2_train_dev,DCNv2,3500,34,0.5651186226361052,0.589010337656171,0.7367977733831392,0.6024915978982974,0.18896173054629178,0.08351928048106369,,D:\TsingHuaEEGRec\Github\log\v2\stage_b\B_DCNv2_rollv2_s1\predictions.csv,5.582471609115601
B_DCNv2_rollv2_s2,DCNv2,2,protocol_a_rollv2_train_dev,DCNv2,3500,1,0.5433939797576162,0.5328366502324836,0.6481725628067091,0.6220929281151711,0.21546880624858317,0.11157644716259504,,D:\TsingHuaEEGRec\Github\log\v2\stage_b\B_DCNv2_rollv2_s2\predictions.csv,1.4264025688171387
B_DCNv2_rollv2_s3,DCNv2,3,protocol_a_rollv2_train_dev,DCNv2,3500,59,0.5904028760672118,0.6038467550967551,0.7042408261920458,0.7192888031507917,0.21483398278811355,0.12691899994566896,,D:\TsingHuaEEGRec\Github\log\v2\stage_b\B_DCNv2_rollv2_s3\predictions.csv,11.53139615058899
B_DCNv2_rollv2_s4,DCNv2,4,protocol_a_rollv2_train_dev,DCNv2,3500,1,0.48410593873880586,0.4742137954637955,0.6548377645938621,0.6364964261514822,0.2237217825268912,0.1511848488420159,,D:\TsingHuaEEGRec\Github\log\v2\stage_b\B_DCNv2_rollv2_s4\predictions.csv,1.6836881637573242
B_DIN-noEEG_rollv2_s0,DIN-noEEG,0,protocol_a_rollv2_train_dev,DIN-noEEG,5410,28,0.5240872084403553,0.544547952047952,0.7399106423496667,0.6037205107220903,0.19358140146036756,0.0691687878808589,,D:\TsingHuaEEGRec\Github\log\v2\stage_b\B_DIN-noEEG_rollv2_s0\predictions.csv,8.947334051132202
B_DIN-noEEG_rollv2_s1,DIN-noEEG,1,protocol_a_rollv2_train_dev,DIN-noEEG,5410,35,0.5581667652471848,0.57019920665754,0.7383175858785616,0.6101435331093391,0.19472015340449778,0.09500284106549334,,D:\TsingHuaEEGRec\Github\log\v2\stage_b\B_DIN-noEEG_rollv2_s1\predictions.csv,9.139919519424438
B_DIN-noEEG_rollv2_s2,DIN-noEEG,2,protocol_a_rollv2_train_dev,DIN-noEEG,5410,22,0.5524401880171111,0.5745280915072581,0.7586061671427525,0.5845964339506371,0.18310280095199116,0.07206977139284912,,D:\TsingHuaEEGRec\Github\log\v2\stage_b\B_DIN-noEEG_rollv2_s2\predictions.csv,7.376674175262451
B_DIN-noEEG_rollv2_s3,DIN-noEEG,3,protocol_a_rollv2_train_dev,DIN-noEEG,5410,19,0.5234014625623017,0.5462598551140218,0.7492492492492493,0.6260868387577107,0.18594523290507164,0.05614340897252995,,D:\TsingHuaEEGRec\Github\log\v2\stage_b\B_DIN-noEEG_rollv2_s3\predictions.csv,6.8139808177948
B_DIN-noEEG_rollv2_s4,DIN-noEEG,4,protocol_a_rollv2_train_dev,DIN-noEEG,5410,24,0.5280773422381814,0.548371848059348,0.7457701604043068,0.5999004104994505,0.18781211143545776,0.08845138215526618,,D:\TsingHuaEEGRec\Github\log\v2\stage_b\B_DIN-noEEG_rollv2_s4\predictions.csv,7.560953378677368
B_TimeAwareGRU-noEEG_rollv2_s0,TimeAwareGRU-noEEG,0,protocol_a_rollv2_train_dev,TimeAwareGRU-noEEG,5714,66,0.6233534336681189,0.6444353062061395,0.6581703654874387,0.9834967803584858,0.2718252536119718,0.23481178493275884,,D:\TsingHuaEEGRec\Github\log\v2\stage_b\B_TimeAwareGRU-noEEG_rollv2_s0\predictions.csv,32.382174253463745
B_TimeAwareGRU-noEEG_rollv2_s1,TimeAwareGRU-noEEG,1,protocol_a_rollv2_train_dev,TimeAwareGRU-noEEG,5714,1,0.5135850454906399,0.5232605126355127,0.6708049512927562,0.666706233857849,0.23335910728378573,0.16460614428132853,,D:\TsingHuaEEGRec\Github\log\v2\stage_b\B_TimeAwareGRU-noEEG_rollv2_s1\predictions.csv,4.446401119232178
B_TimeAwareGRU-noEEG_rollv2_s2,TimeAwareGRU-noEEG,2,protocol_a_rollv2_train_dev,TimeAwareGRU-noEEG,5714,1,0.4785691096005781,0.45902284058534065,0.6436314363143633,0.6327450707202581,0.22037207926355654,0.11647861085686027,,D:\TsingHuaEEGRec\Github\log\v2\stage_b\B_TimeAwareGRU-noEEG_rollv2_s2\predictions.csv,5.190267562866211
B_TimeAwareGRU-noEEG_rollv2_s3,TimeAwareGRU-noEEG,3,protocol_a_rollv2_train_dev,TimeAwareGRU-noEEG,5714,42,0.6100703298255746,0.6305979976813311,0.7033985204716912,0.6679488057628077,0.2073278314274897,0.14706872613789043,,D:\TsingHuaEEGRec\Github\log\v2\stage_b\B_TimeAwareGRU-noEEG_rollv2_s3\predictions.csv,22.33124566078186
B_TimeAwareGRU-noEEG_rollv2_s4,TimeAwareGRU-noEEG,4,protocol_a_rollv2_train_dev,TimeAwareGRU-noEEG,5714,40,0.598232148581799,0.6205583845167179,0.6898483849703362,0.6785853181182679,0.22025508276125136,0.154695050417203,,D:\TsingHuaEEGRec\Github\log\v2\stage_b\B_TimeAwareGRU-noEEG_rollv2_s4\predictions.csv,21.635671377182007
