experiment_id,suite,fold,model,ablation,normalization,encoder,seed,train_count,dev_count,params,trainable_params,best_epoch,dev_gauc,dev_macro_auc,dev_auc,dev_logloss,dev_brier,dev_ece,elapsed_seconds
G_groupkfold_group0_new-user-E0_s0,groupkfold,group0,new-user-E0,E0,global_train_zscore,mlp,0,2237,611,25076,25001,57,0.6009045926908728,0.5866035464066212,0.7051507814219679,0.5774935291167909,0.19703873024549445,0.03205722836783666,18.542
G_groupkfold_group0_new-user-E0_s1,groupkfold,group0,new-user-E0,E0,global_train_zscore,mlp,1,2237,611,25076,25001,29,0.5532508299695684,0.5383579678365378,0.6507447354904983,0.6041763078879185,0.20737170637289465,0.03767809448702758,10.027
G_groupkfold_group0_new-user-E0_s2,groupkfold,group0,new-user-E0,E0,global_train_zscore,mlp,2,2237,611,25076,25001,19,0.6012100151004831,0.5906742222367396,0.6784797123780175,0.5891793916785462,0.20325478734019542,0.03467574137310254,7.291
G_groupkfold_group0_new-user-E0_s3,groupkfold,group0,new-user-E0,E0,global_train_zscore,mlp,3,2237,611,25076,25001,46,0.564067935306735,0.5475134134227021,0.6799655147112775,0.58761610976802,0.20129816067984602,0.02426344293448616,14.285
G_groupkfold_group0_new-user-E0_s4,groupkfold,group0,new-user-E0,E0,global_train_zscore,mlp,4,2237,611,25076,25001,42,0.5846406444955559,0.5678478301017614,0.6883361459632646,0.5835079152727921,0.20010616729001143,0.04358807235343439,13.276
G_groupkfold_group0_new-user-E1_s0,groupkfold,group0,new-user-E1,E1,global_train_zscore,mlp,0,2237,611,25076,25001,12,0.5848228487927571,0.5738378917533511,0.6330496245750483,0.6510258882162565,0.2319015397942449,0.13087385877320598,6.103
G_groupkfold_group0_new-user-E1_s1,groupkfold,group0,new-user-E1,E1,global_train_zscore,mlp,1,2237,611,25076,25001,6,0.5563602127699399,0.5468258620905876,0.6311663854036735,0.6175490614605146,0.21415866089707392,0.08062050473280316,4.156
G_groupkfold_group0_new-user-E1_s2,groupkfold,group0,new-user-E1,E1,global_train_zscore,mlp,2,2237,611,25076,25001,7,0.5801331755317483,0.5686199101739745,0.6400322841000807,0.6016212421727463,0.20772303417195015,0.05517496494652547,4.547
G_groupkfold_group0_new-user-E1_s3,groupkfold,group0,new-user-E1,E1,global_train_zscore,mlp,3,2237,611,25076,25001,8,0.5533220354215783,0.5377580785575362,0.616650769193142,0.6132842679919323,0.21252863175448522,0.07983938676538326,4.762
G_groupkfold_group0_new-user-E1_s4,groupkfold,group0,new-user-E1,E1,global_train_zscore,mlp,4,2237,611,25076,25001,16,0.5681695577809951,0.5532660394419141,0.6391151221659696,0.610201179930814,0.21271488524592383,0.08648569788478935,6.721
G_groupkfold_group0_new-user-E2_s0,groupkfold,group0,new-user-E2,E2,global_train_zscore,mlp,0,2237,611,25076,25001,20,0.5828264434374089,0.565763075847057,0.6667155819698193,0.6002883221580321,0.20695286672753815,0.05855959090106983,7.545
G_groupkfold_group0_new-user-E2_s1,groupkfold,group0,new-user-E2,E2,global_train_zscore,mlp,1,2237,611,25076,25001,9,0.54304549579704,0.5335254692609724,0.6224961479198767,0.6199859695496919,0.2156172491638723,0.07730436252975767,4.867
G_groupkfold_group0_new-user-E2_s2,groupkfold,group0,new-user-E2,E2,global_train_zscore,mlp,2,2237,611,25076,25001,8,0.5595343686458185,0.5483020376103599,0.6250642013353878,0.6076282948800283,0.20991923561208767,0.07684907053007384,4.999
G_groupkfold_group0_new-user-E2_s3,groupkfold,group0,new-user-E2,E2,global_train_zscore,mlp,3,2237,611,25076,25001,13,0.5351578308399042,0.5243971084288902,0.6353853303005846,0.6099068999786388,0.21134133016929593,0.05371410237036877,5.937
G_groupkfold_group0_new-user-E2_s4,groupkfold,group0,new-user-E2,E2,global_train_zscore,mlp,4,2237,611,25076,25001,19,0.5540203996992902,0.5387277293181388,0.6699073055005259,0.5876239549709034,0.2013958994198085,0.030455064223225678,7.547
G_groupkfold_group0_new-user-E5_s0,groupkfold,group0,new-user-E5,E5,global_train_zscore,mlp,0,2237,611,25076,25001,20,0.604710784166459,0.5944671269256748,0.6536796536796536,0.6095875834650845,0.2113140803395765,0.0658674070892822,7.647
G_groupkfold_group0_new-user-E5_s1,groupkfold,group0,new-user-E5,E5,global_train_zscore,mlp,1,2237,611,25076,25001,9,0.5716181536848655,0.5640467050248413,0.5834617360041089,0.6416791659369949,0.2269334662214064,0.105204106015862,4.751
G_groupkfold_group0_new-user-E5_s2,groupkfold,group0,new-user-E5,E5,global_train_zscore,mlp,2,2237,611,25076,25001,7,0.584755989725457,0.5744742747554961,0.5761244405312201,0.6202871094642561,0.21639060255147832,0.06896481168366443,4.216
G_groupkfold_group0_new-user-E5_s3,groupkfold,group0,new-user-E5,E5,global_train_zscore,mlp,3,2237,611,25076,25001,11,0.5747840516536437,0.5661986333686055,0.5872893584757991,0.661424226906164,0.23582472547603234,0.11209821260386375,5.461
G_groupkfold_group0_new-user-E5_s4,groupkfold,group0,new-user-E5,E5,global_train_zscore,mlp,4,2237,611,25076,25001,8,0.5729616135795486,0.5651898284130036,0.5400004891530316,0.6449435275875061,0.2286527881681425,0.084539051544159,4.874
G_groupkfold_group1_new-user-E0_s0,groupkfold,group1,new-user-E0,E0,global_train_zscore,mlp,0,2326,522,25076,25001,14,0.6001472702073769,0.5853992888305514,0.5982374918778427,0.6316095250903548,0.22078988280468104,0.018650671659872435,6.383
G_groupkfold_group1_new-user-E0_s1,groupkfold,group1,new-user-E0,E0,global_train_zscore,mlp,1,2326,522,25076,25001,21,0.6608135294297687,0.6779924381190902,0.6988710201429499,0.600673527756433,0.20686375338878227,0.059065206756037436,8.005
G_groupkfold_group1_new-user-E0_s2,groupkfold,group1,new-user-E0,E0,global_train_zscore,mlp,2,2326,522,25076,25001,17,0.6306506066826265,0.6357379361450052,0.616609811565952,0.6256603574446788,0.21829542264722496,0.06651535182763105,7.139
G_groupkfold_group1_new-user-E0_s3,groupkfold,group1,new-user-E0,E0,global_train_zscore,mlp,3,2326,522,25076,25001,17,0.6529050247950069,0.6715781799759633,0.6837638076673165,0.6075383421158873,0.21080694153561333,0.060980927753993726,8.139
G_groupkfold_group1_new-user-E0_s4,groupkfold,group1,new-user-E0,E0,global_train_zscore,mlp,4,2326,522,25076,25001,58,0.6414162850509368,0.668267822958046,0.6817820012995451,0.610187608071214,0.20782844767647848,0.07298293018310376,17.631
G_groupkfold_group1_new-user-E1_s0,groupkfold,group1,new-user-E1,E1,global_train_zscore,mlp,0,2326,522,25076,25001,12,0.618896451198232,0.609221715982519,0.6142218973359324,0.6415627489948316,0.22368485207132033,0.07559590148329162,5.815
G_groupkfold_group1_new-user-E1_s1,groupkfold,group1,new-user-E1,E1,global_train_zscore,mlp,1,2326,522,25076,25001,25,0.6547122624325767,0.664427622467068,0.6458333333333335,0.6389492756064522,0.21890369693025752,0.07945814744794162,9.192
G_groupkfold_group1_new-user-E1_s2,groupkfold,group1,new-user-E1,E1,global_train_zscore,mlp,2,2326,522,25076,25001,47,0.6629966679145757,0.6804535413414209,0.6132147498375569,0.7067557007311124,0.24460515340668992,0.15435286406911572,15.604
G_groupkfold_group1_new-user-E1_s3,groupkfold,group1,new-user-E1,E1,global_train_zscore,mlp,3,2326,522,25076,25001,21,0.6461237256387642,0.6628272948068039,0.6489197530864197,0.6321234910688033,0.2200066001549242,0.0843288479337176,8.719
G_groupkfold_group1_new-user-E1_s4,groupkfold,group1,new-user-E1,E1,global_train_zscore,mlp,4,2326,522,25076,25001,12,0.6466596040395173,0.6540023638963021,0.6531920077972708,0.6201825110146015,0.21651184985874677,0.06087513520628557,7.782
G_groupkfold_group1_new-user-E2_s0,groupkfold,group1,new-user-E2,E2,global_train_zscore,mlp,0,2326,522,25076,25001,12,0.6426786339896503,0.626356825896144,0.6048245614035088,0.6432350474240135,0.2252771071379479,0.06973363150810373,5.616
G_groupkfold_group1_new-user-E2_s1,groupkfold,group1,new-user-E2,E2,global_train_zscore,mlp,1,2326,522,25076,25001,25,0.6782189903185264,0.6823630834124389,0.6617527615334633,0.6182717842491903,0.21335421197718904,0.0505908610641785,11.268
G_groupkfold_group1_new-user-E2_s2,groupkfold,group1,new-user-E2,E2,global_train_zscore,mlp,2,2326,522,25076,25001,10,0.6569166433152558,0.644522240740106,0.6311809616634177,0.6226842250436736,0.21684953193281115,0.03372089536967634,5.036
G_groupkfold_group1_new-user-E2_s3,groupkfold,group1,new-user-E2,E2,global_train_zscore,mlp,3,2326,522,25076,25001,21,0.6755127052254204,0.675559082814413,0.6522011046133853,0.6327662693215684,0.22135955576654429,0.07906583050208814,8.546
G_groupkfold_group1_new-user-E2_s4,groupkfold,group1,new-user-E2,E2,global_train_zscore,mlp,4,2326,522,25076,25001,29,0.6823851816395408,0.6889348189253317,0.663182261208577,0.6148964617895324,0.21150704705739948,0.0480664164002742,11.685
G_groupkfold_group1_new-user-E5_s0,groupkfold,group1,new-user-E5,E5,global_train_zscore,mlp,0,2326,522,25076,25001,12,0.6266304897468823,0.6289264283553148,0.627720922677063,0.6500956301362608,0.22957484433199657,0.07793718211395644,6.194
G_groupkfold_group1_new-user-E5_s1,groupkfold,group1,new-user-E5,E5,global_train_zscore,mlp,1,2326,522,25076,25001,11,0.6476560296335057,0.664444399943809,0.6436565951916828,0.6132910302248613,0.21336273831774355,0.06331325016587518,5.241
G_groupkfold_group1_new-user-E5_s2,groupkfold,group1,new-user-E5,E5,global_train_zscore,mlp,2,2326,522,25076,25001,21,0.65681497092494,0.6720562865544042,0.664546783625731,0.6194423449077543,0.21252124291524602,0.0757165610321023,8.101
G_groupkfold_group1_new-user-E5_s3,groupkfold,group1,new-user-E5,E5,global_train_zscore,mlp,3,2326,522,25076,25001,8,0.6458743071993616,0.6660489507844232,0.6659437946718648,0.6029767908063585,0.20936938861663537,0.06286503696435941,4.315
G_groupkfold_group1_new-user-E5_s4,groupkfold,group1,new-user-E5,E5,global_train_zscore,mlp,4,2326,522,25076,25001,30,0.6560452366057441,0.6763251104241013,0.6116390513320338,0.6695906372461808,0.23003818482493116,0.12474060101926118,19.545
G_groupkfold_group2_new-user-E0_s0,groupkfold,group2,new-user-E0,E0,global_train_zscore,mlp,0,2261,587,25076,25001,22,0.6831175657969883,0.6753715548360812,0.6854091995221028,0.5623979581756207,0.18096866035302536,0.0385483176801668,9.603
G_groupkfold_group2_new-user-E0_s1,groupkfold,group2,new-user-E0,E0,global_train_zscore,mlp,1,2261,587,25076,25001,20,0.6809041717323016,0.6735880574973092,0.6849611708482676,0.5655980440049647,0.18218031859587197,0.04423239773946263,8.529
G_groupkfold_group2_new-user-E0_s2,groupkfold,group2,new-user-E0,E0,global_train_zscore,mlp,2,2261,587,25076,25001,45,0.6601794204796395,0.6557854420105852,0.6648596176821983,0.5979277891632302,0.1963640505048091,0.08065122265778961,12.378
G_groupkfold_group2_new-user-E0_s3,groupkfold,group2,new-user-E0,E0,global_train_zscore,mlp,3,2261,587,25076,25001,17,0.6770946355196015,0.670469082466049,0.675731780167264,0.5668372252543075,0.1829844360021962,0.039420616509373535,6.298
G_groupkfold_group2_new-user-E0_s4,groupkfold,group2,new-user-E0,E0,global_train_zscore,mlp,4,2261,587,25076,25001,21,0.6912965661171652,0.684805149007205,0.69171146953405,0.5639066517591556,0.1816971511155316,0.0461073878756301,7.036
G_groupkfold_group2_new-user-E1_s0,groupkfold,group2,new-user-E1,E1,global_train_zscore,mlp,0,2261,587,25076,25001,18,0.6767145063806292,0.6720073439305828,0.6278823178016727,0.6535813794204144,0.21556472863004145,0.13852082398935198,6.601
G_groupkfold_group2_new-user-E1_s1,groupkfold,group2,new-user-E1,E1,global_train_zscore,mlp,1,2261,587,25076,25001,46,0.6892885704878357,0.6849561066796489,0.6437275985663082,0.7003808947844665,0.2288177753543064,0.1442710720468722,12.553
G_groupkfold_group2_new-user-E1_s2,groupkfold,group2,new-user-E1,E1,global_train_zscore,mlp,2,2261,587,25076,25001,44,0.6763090203975719,0.6722742323243671,0.654495221027479,0.6621113482862991,0.2146232689140115,0.1265390990260332,13.444
G_groupkfold_group2_new-user-E1_s3,groupkfold,group2,new-user-E1,E1,global_train_zscore,mlp,3,2261,587,25076,25001,47,0.6835547066248322,0.6814288664811078,0.6441457586618876,0.6694865322589593,0.21905385498760183,0.13667944164766727,17.66720724105835
G_groupkfold_group2_new-user-E1_s4,groupkfold,group2,new-user-E1,E1,global_train_zscore,mlp,4,2261,587,25076,25001,60,0.6843385753638913,0.6800661608704245,0.6319743130227,0.7329591802184467,0.23020396704610896,0.1667563141147826,15.352914333343506
G_groupkfold_group2_new-user-E2_s0,groupkfold,group2,new-user-E2,E2,global_train_zscore,mlp,0,2261,587,25076,25001,45,0.7153002240698845,0.7073592421073042,0.654047192353644,0.6602756137828817,0.22282125292549992,0.15630622880927733,13.348160028457642
G_groupkfold_group2_new-user-E2_s1,groupkfold,group2,new-user-E2,E2,global_train_zscore,mlp,1,2261,587,25076,25001,16,0.6974103179490291,0.6897378885797322,0.6612753882915174,0.5891904806926924,0.19203854491214312,0.08434189922788059,6.696990966796875
G_groupkfold_group2_new-user-E2_s2,groupkfold,group2,new-user-E2,E2,global_train_zscore,mlp,2,2261,587,25076,25001,19,0.6826766697894419,0.6777164564984753,0.6645459976105138,0.5994002144043323,0.19568665963626083,0.09674642388086287,7.263558387756348
G_groupkfold_group2_new-user-E2_s3,groupkfold,group2,new-user-E2,E2,global_train_zscore,mlp,3,2261,587,25076,25001,26,0.6956001051260747,0.690715497537203,0.6539874551971326,0.6153192932513925,0.20298976721667986,0.12452624516194465,8.868449211120605
G_groupkfold_group2_new-user-E2_s4,groupkfold,group2,new-user-E2,E2,global_train_zscore,mlp,4,2261,587,25076,25001,31,0.6983228638055584,0.6911998532275749,0.6506720430107527,0.609680339884692,0.1997692691950129,0.10194846196972734,10.388463497161865
G_groupkfold_group2_new-user-E5_s0,groupkfold,group2,new-user-E5,E5,global_train_zscore,mlp,0,2261,587,25076,25001,7,0.6832589886032266,0.6795408234770384,0.6660692951015531,0.5779112082123824,0.18647858682797722,0.04904510646370835,4.056050539016724
G_groupkfold_group2_new-user-E5_s1,groupkfold,group2,new-user-E5,E5,global_train_zscore,mlp,1,2261,587,25076,25001,8,0.6719416995042832,0.6665819379536938,0.6323775388291517,0.5962722782237795,0.1938476372192456,0.05425748449343416,4.372325897216797
G_groupkfold_group2_new-user-E5_s2,groupkfold,group2,new-user-E5,E5,global_train_zscore,mlp,2,2261,587,25076,25001,18,0.6893234632120468,0.6846361463188225,0.6403673835125447,0.6113209868597447,0.1982164019620296,0.08257726037076102,8.388787269592285
G_groupkfold_group2_new-user-E5_s3,groupkfold,group2,new-user-E5,E5,global_train_zscore,mlp,3,2261,587,25076,25001,8,0.6788041059289357,0.6751115659297323,0.6427120669056152,0.589871018187866,0.1905260532749582,0.05751477117278288,5.133526086807251
G_groupkfold_group2_new-user-E5_s4,groupkfold,group2,new-user-E5,E5,global_train_zscore,mlp,4,2261,587,25076,25001,9,0.6645063123414081,0.6593538819592073,0.6240890083632019,0.6199794227358685,0.20227576289430232,0.10934120424356113,4.407769680023193
G_groupkfold_group3_new-user-E0_s0,groupkfold,group3,new-user-E0,E0,global_train_zscore,mlp,0,2252,596,25076,25001,49,0.6618809695923297,0.6632138690834192,0.6705380649407635,0.58288652984046,0.19312535274141848,0.08835693669814815,13.433767795562744
G_groupkfold_group3_new-user-E0_s1,groupkfold,group3,new-user-E0,E0,global_train_zscore,mlp,1,2252,596,25076,25001,38,0.6700370170261374,0.6731431220356531,0.6694410925844669,0.5783935397504937,0.1931724512343102,0.07404828054327266,10.9467613697052
G_groupkfold_group3_new-user-E0_s2,groupkfold,group3,new-user-E0,E0,global_train_zscore,mlp,2,2252,596,25076,25001,21,0.6134611673911998,0.6135416094683362,0.5737988152698552,0.6140483540851643,0.21240427683986593,0.06516203616945788,7.169460773468018
G_groupkfold_group3_new-user-E0_s3,groupkfold,group3,new-user-E0,E0,global_train_zscore,mlp,3,2252,596,25076,25001,60,0.6319174019678037,0.6299377489724964,0.6244926502852128,0.6083671681601914,0.2081565706789795,0.06359934753069539,13.645874500274658
G_groupkfold_group3_new-user-E0_s4,groupkfold,group3,new-user-E0,E0,global_train_zscore,mlp,4,2252,596,25076,25001,58,0.6282992063273297,0.6279916955322045,0.6102320096533567,0.6146247339743393,0.21226233361240338,0.09051827486016906,15.585566520690918
G_groupkfold_group3_new-user-E1_s0,groupkfold,group3,new-user-E1,E1,global_train_zscore,mlp,0,2252,596,25076,25001,14,0.6375185238864246,0.6381430718807221,0.6587593242650286,0.5784138853343659,0.1954215266743649,0.05143429812250171,5.431483030319214
G_groupkfold_group3_new-user-E1_s1,groupkfold,group3,new-user-E1,E1,global_train_zscore,mlp,1,2252,596,25076,25001,25,0.6549423138465913,0.6562506976647162,0.6318423650724002,0.5942840302798302,0.20421636047749425,0.08268071534643387,7.982192277908325
G_groupkfold_group3_new-user-E1_s2,groupkfold,group3,new-user-E1,E1,global_train_zscore,mlp,2,2252,596,25076,25001,32,0.6479292490123744,0.6466781252463698,0.621997038174638,0.6191872531914342,0.21499377212389995,0.09151174685677153,9.298678636550903
G_groupkfold_group3_new-user-E1_s3,groupkfold,group3,new-user-E1,E1,global_train_zscore,mlp,3,2252,596,25076,25001,14,0.645534735218012,0.6422064823640098,0.6535212812637121,0.5773507470181545,0.19668825946563706,0.05315786596675147,5.376877784729004
G_groupkfold_group3_new-user-E1_s4,groupkfold,group3,new-user-E1,E1,global_train_zscore,mlp,4,2252,596,25076,25001,36,0.6435426615458953,0.6436913683758565,0.6078186704695042,0.6148827989089786,0.21268284134424834,0.08354866279339129,10.273750305175781
G_groupkfold_group3_new-user-E2_s0,groupkfold,group3,new-user-E2,E2,global_train_zscore,mlp,0,2252,596,25076,25001,14,0.6170406543766507,0.6224484137985159,0.6368198771390962,0.5991375360716688,0.20269341197305904,0.07557476428337394,5.268709659576416
G_groupkfold_group3_new-user-E2_s1,groupkfold,group3,new-user-E2,E2,global_train_zscore,mlp,1,2252,596,25076,25001,21,0.627398794172022,0.6327826970869449,0.5848645239139973,0.6327066281370858,0.2198070932787956,0.09698256339226231,7.138213634490967
G_groupkfold_group3_new-user-E2_s2,groupkfold,group3,new-user-E2,E2,global_train_zscore,mlp,2,2252,596,25076,25001,13,0.6239641048693328,0.6249937401338793,0.6217913558578323,0.6126875179421563,0.21199985634545446,0.06487818057695716,5.292992115020752
G_groupkfold_group3_new-user-E2_s3,groupkfold,group3,new-user-E2,E2,global_train_zscore,mlp,3,2252,596,25076,25001,49,0.6493090424006719,0.6492672196926845,0.6603087977182975,0.6075196205446167,0.20812795254202068,0.09993505850278041,13.28689455986023
G_groupkfold_group3_new-user-E2_s4,groupkfold,group3,new-user-E2,E2,global_train_zscore,mlp,4,2252,596,25076,25001,16,0.6276016922658475,0.6290185895111006,0.6429903466432646,0.6452969912293238,0.22435645906038967,0.1391259898453476,6.050997495651245
G_groupkfold_group3_new-user-E5_s0,groupkfold,group3,new-user-E5,E5,global_train_zscore,mlp,0,2252,596,25076,25001,14,0.6478796955947187,0.648118695475718,0.6729376919701623,0.6334775352481069,0.22053273460152556,0.1510038172057361,5.443178415298462
G_groupkfold_group3_new-user-E5_s1,groupkfold,group3,new-user-E5,E5,global_train_zscore,mlp,1,2252,596,25076,25001,11,0.6459680279120263,0.6417046241295971,0.6499149846423871,0.6676796665692892,0.23471279845665388,0.1637620390088129,4.762364387512207
G_groupkfold_group3_new-user-E5_s2,groupkfold,group3,new-user-E5,E5,global_train_zscore,mlp,2,2252,596,25076,25001,14,0.636939444254865,0.6330085973754594,0.6436211057481351,0.6156492685857182,0.2127777646037633,0.09650993519368889,5.637223720550537
G_groupkfold_group3_new-user-E5_s3,groupkfold,group3,new-user-E5,E5,global_train_zscore,mlp,3,2252,596,25076,25001,13,0.6435844117303928,0.6390648477499814,0.6637231241772708,0.582386130089261,0.19490211573408922,0.06577837740808673,5.238002061843872
G_groupkfold_group3_new-user-E5_s4,groupkfold,group3,new-user-E5,E5,global_train_zscore,mlp,4,2252,596,25076,25001,10,0.6329296499387576,0.6279668464022524,0.6434565598946906,0.6298904674159561,0.22015548439607802,0.1427555909761596,4.485898494720459
G_groupkfold_group4_new-user-E0_s0,groupkfold,group4,new-user-E0,E0,global_train_zscore,mlp,0,2316,532,25076,25001,13,0.6324635686342934,0.6328843757306573,0.6281162501684459,0.6439760082617134,0.22671021158380317,0.05493643080738645,5.394408941268921
G_groupkfold_group4_new-user-E0_s1,groupkfold,group4,new-user-E0,E0,global_train_zscore,mlp,1,2316,532,25076,25001,32,0.6818696967349673,0.6720871477844453,0.7305313908395347,0.6070462306157656,0.2088104890252642,0.10273836372434196,9.578762292861938
G_groupkfold_group4_new-user-E0_s2,groupkfold,group4,new-user-E0,E0,global_train_zscore,mlp,2,2316,532,25076,25001,38,0.6387149249939346,0.629489884073529,0.6848937667510144,0.6253474417609964,0.2167348346916379,0.06703227780990416,11.098111152648926
G_groupkfold_group4_new-user-E0_s3,groupkfold,group4,new-user-E0,E0,global_train_zscore,mlp,3,2316,532,25076,25001,26,0.6458277083832588,0.6405861507396163,0.6634824142422927,0.6284177738613134,0.21913967925739652,0.03811809499537979,8.379943609237671
G_groupkfold_group4_new-user-E0_s4,groupkfold,group4,new-user-E0,E0,global_train_zscore,mlp,4,2316,532,25076,25001,32,0.6610038405623802,0.6540300042091363,0.6962732268255799,0.6165800304776426,0.2135438394411692,0.0669327192349864,10.086443662643433
G_groupkfold_group4_new-user-E1_s0,groupkfold,group4,new-user-E1,E1,global_train_zscore,mlp,0,2316,532,25076,25001,20,0.6522105870641604,0.6433155938885516,0.6218874930749997,0.7592254694320822,0.26093572648135477,0.18990136945490635,8.385617017745972
G_groupkfold_group4_new-user-E1_s1,groupkfold,group4,new-user-E1,E1,global_train_zscore,mlp,1,2316,532,25076,25001,32,0.6859013964706355,0.6801082274108956,0.656684684145118,0.732209354729933,0.24944604180499386,0.17421973534488586,10.388178586959839
G_groupkfold_group4_new-user-E1_s2,groupkfold,group4,new-user-E1,E1,global_train_zscore,mlp,2,2316,532,25076,25001,58,0.6751238698371487,0.6661118496945785,0.6113465195322443,0.7964566541643616,0.26683554940618687,0.20850003208427628,14.255470037460327
G_groupkfold_group4_new-user-E1_s3,groupkfold,group4,new-user-E1,E1,global_train_zscore,mlp,3,2316,532,25076,25001,41,0.6508616494525465,0.6416189093458471,0.6322637639061495,0.7570157427669539,0.2541205048913578,0.17213105013868876,11.62841796875
G_groupkfold_group4_new-user-E1_s4,groupkfold,group4,new-user-E1,E1,global_train_zscore,mlp,4,2316,532,25076,25001,29,0.6686670099438062,0.6617253010387902,0.6498869540479435,0.6808988543585726,0.2371993471938182,0.12967991158086103,8.733803033828735
G_groupkfold_group4_new-user-E2_s0,groupkfold,group4,new-user-E2,E2,global_train_zscore,mlp,0,2316,532,25076,25001,19,0.6510695082283078,0.640752807838315,0.6299878718912363,0.7842867825890714,0.2704232272872925,0.2133453711272126,6.836135387420654
G_groupkfold_group4_new-user-E2_s1,groupkfold,group4,new-user-E2,E2,global_train_zscore,mlp,1,2316,532,25076,25001,17,0.6633737785645539,0.6543854381380416,0.6482698728794527,0.7296360660983229,0.2545281191060189,0.18303266667351267,6.32051944732666
G_groupkfold_group4_new-user-E2_s2,groupkfold,group4,new-user-E2,E2,global_train_zscore,mlp,2,2316,532,25076,25001,40,0.6501230947125701,0.6403674498138592,0.6038450596673005,0.813080759745387,0.2732535053809029,0.20826353590026905,11.354746103286743
G_groupkfold_group4_new-user-E2_s3,groupkfold,group4,new-user-E2,E2,global_train_zscore,mlp,3,2316,532,25076,25001,41,0.6332714769325676,0.6226191557914241,0.6120352763262311,0.8386714227381331,0.277665708046829,0.22739266337513053,11.547333240509033
G_groupkfold_group4_new-user-E2_s4,groupkfold,group4,new-user-E2,E2,global_train_zscore,mlp,4,2316,532,25076,25001,14,0.6488261542561192,0.6399586201473285,0.6507404135535357,0.718807948505765,0.25155099898493966,0.1752038099155306,6.818413972854614
G_groupkfold_group4_new-user-E5_s0,groupkfold,group4,new-user-E5,E5,global_train_zscore,mlp,0,2316,532,25076,25001,9,0.6467149335552062,0.6438701637833588,0.628999655621603,0.6654500360602488,0.23607519594765272,0.11285196131102293,4.9689881801605225
G_groupkfold_group4_new-user-E5_s1,groupkfold,group4,new-user-E5,E5,global_train_zscore,mlp,1,2316,532,25076,25001,15,0.6742259696667409,0.6696590990761639,0.6781409555751868,0.6275879393146403,0.21688057474360697,0.09270338865550219,6.682632684707642
G_groupkfold_group4_new-user-E5_s2,groupkfold,group4,new-user-E5,E5,global_train_zscore,mlp,2,2316,532,25076,25001,11,0.6311015219576068,0.6246745553193128,0.5880635453007321,0.7085292628472982,0.25303384143359614,0.15384085334774414,5.596271514892578
G_groupkfold_group4_new-user-E5_s3,groupkfold,group4,new-user-E5,E5,global_train_zscore,mlp,3,2316,532,25076,25001,8,0.6255329678639078,0.6245165333103208,0.6014493838621289,0.6617551225118038,0.23511916649720183,0.10177085729651993,4.8394105434417725
G_groupkfold_group4_new-user-E5_s4,groupkfold,group4,new-user-E5,E5,global_train_zscore,mlp,4,2316,532,25076,25001,10,0.6556136277692488,0.655381845666004,0.6099390599967058,0.6775634482967732,0.24059701482715126,0.12267382044513199,5.429043292999268
